Date,Jour,Jeu,Numeros,Machine
24/07/2026,Vendredi,Digital Reveil 7h,75-39-51-47-20,84-44-13-77-66
24/07/2026,Vendredi,Digital Reveil 8h,26-73-19-88-34,21-74-16-53-04
23/07/2026,Jeudi,Digital Reveil 7h,01-46-73-60-09,12-44-57-43-11
23/07/2026,Jeudi,Digital Reveil 8h,44-58-18-50-38,74-43-77-21-17
23/07/2026,Jeudi,Digital 21h,48-04-25-70-15,58-42-46-34-65
23/07/2026,Jeudi,Digital 22h,49-76-08-34-07,63-82-70-30-13
23/07/2026,Jeudi,Digital 23h,90-85-54-11-71,22-27-01-28-69
23/07/2026,Jeudi,Kado,62-20-53-30-36,09-42-55-87-70
23/07/2026,Jeudi,Privilege,59-77-72-78-73,05-54-34-18-33
23/07/2026,Jeudi,Monni,46-60-90-26-18,36-42-27-65-06
23/07/2026,Jeudi,Afterwork,88-86-85-52-82,07-46-22-68-64
23/07/2026,Jeudi,Fortune Thursday,21-69-28-89-41,
22/07/2026,Mercredi,Digital Reveil 7h,47-36-66-42-83,16-19-78-69-84
22/07/2026,Mercredi,Digital Reveil 8h,90-36-34-56-20,71-81-40-65-62
22/07/2026,Mercredi,Digital 21h,69-04-40-03-88,73-30-29-76-46
22/07/2026,Mercredi,Digital 22h,12-05-33-88-42,72-51-76-57-62
22/07/2026,Mercredi,Digital 23h,81-09-36-50-67,61-23-27-86-70
22/07/2026,Mercredi,Premiere Heure,89-68-82-05-17,84-19-04-90-30
22/07/2026,Mercredi,Fortune,57-03-90-20-07,81-70-42-33-67
22/07/2026,Mercredi,Baraka,52-25-67-76-41,85-01-90-47-49
22/07/2026,Mercredi,Afterwork,17-34-43-08-12,16-69-89-63-36
22/07/2026,Mercredi,Midweek,16-06-44-26-17,
21/07/2026,Mardi,Digital Reveil 7h,15-79-12-76-74,30-81-25-03-68
21/07/2026,Mardi,Digital Reveil 8h,59-85-18-29-15,77-51-09-23-80
21/07/2026,Mardi,Digital 21h,72-90-55-38-28,58-09-52-71-07
21/07/2026,Mardi,Digital 22h,52-16-71-72-76,54-21-06-79-41
21/07/2026,Mardi,Digital 23h,25-54-10-34-88,26-19-56-90-78
21/07/2026,Mardi,La Matinale,70-68-45-75-09,07-04-22-73-24
21/07/2026,Mardi,Emergence,04-14-13-42-08,09-55-40-60-34
21/07/2026,Mardi,Sika,13-45-73-89-90,09-61-46-18-44
21/07/2026,Mardi,Afterwork,80-55-31-02-81,65-35-40-54-41
21/07/2026,Mardi,Lucky Tuesday,80-23-31-65-82,
20/07/2026,Lundi,Digital Reveil 7h,90-58-06-85-25,29-34-86-73-11
20/07/2026,Lundi,Digital Reveil 8h,39-38-30-60-34,46-82-62-49-28
20/07/2026,Lundi,Digital 21h,79-25-06-49-71,60-63-37-19-14
20/07/2026,Lundi,Digital 22h,50-25-05-47-31,75-37-57-79-15
20/07/2026,Lundi,Digital 23h,01-40-13-49-90,88-60-08-30-59
20/07/2026,Lundi,Reveil,17-84-01-58-70,11-08-50-59-72
20/07/2026,Lundi,Etoile,82-67-59-79-49,02-54-41-80-12
20/07/2026,Lundi,Akwaba,04-44-62-66-11,55-23-19-49-60
20/07/2026,Lundi,Afterwork,51-11-66-25-15,76-24-10-48-41
20/07/2026,Lundi,Monday Special,57-06-86-42-07,
19/07/2026,Dimanche,Special Weekend 1h,69-68-28-06-33,39-05-59-51-12
19/07/2026,Dimanche,Special Weekend 3h,87-61-60-54-22,55-90-74-48-07
19/07/2026,Dimanche,Digital Reveil 7h,10-28-04-02-09,45-27-14-72-89
19/07/2026,Dimanche,Digital Reveil 8h,13-32-76-87-19,54-60-45-16-52
19/07/2026,Dimanche,Digital 21h,86-79-26-31-53,35-44-09-13-64
19/07/2026,Dimanche,Digital 22h,36-77-61-16-62,44-07-01-13-10
19/07/2026,Dimanche,Digital 23h,56-63-27-16-42,37-14-66-80-90
19/07/2026,Dimanche,Benediction,57-49-84-69-29,53-03-17-79-86
19/07/2026,Dimanche,Prestige,13-40-32-57-30,76-09-18-34-01
19/07/2026,Dimanche,Awale,59-32-26-44-53,51-27-28-55-79
19/07/2026,Dimanche,Afterwork,66-29-67-17-06,74-20-72-46-50
19/07/2026,Dimanche,Espoir,47-18-19-81-20,63-82-59-56-85
18/07/2026,Samedi,Special Weekend 1h,01-63-20-69-38,90-16-31-66-50
18/07/2026,Samedi,Special Weekend 3h,46-41-61-63-25,88-64-27-66-51
18/07/2026,Samedi,Digital Reveil 7h,52-05-47-04-53,86-32-55-25-20
18/07/2026,Samedi,Digital Reveil 8h,30-45-16-72-48,61-84-55-17-25
18/07/2026,Samedi,Digital 21h,30-40-13-79-43,32-82-88-87-86
18/07/2026,Samedi,Digital 22h,15-05-07-73-78,11-34-16-36-90
18/07/2026,Samedi,Digital 23h,80-16-76-47-09,14-18-04-40-03
18/07/2026,Samedi,Soutra,49-39-37-53-43,62-73-04-31-51
18/07/2026,Samedi,Diamant,36-61-03-62-84,04-02-15-69-53
18/07/2026,Samedi,Moaye,82-60-36-22-19,28-80-69-03-76
18/07/2026,Samedi,Afterwork,02-45-82-01-90,85-54-24-52-57
18/07/2026,Samedi,National,59-77-76-47-23,
17/07/2026,Vendredi,Digital Reveil 7h,35-06-28-10-82,16-77-57-76-14
17/07/2026,Vendredi,Digital Reveil 8h,58-43-76-23-28,70-86-38-47-29
17/07/2026,Vendredi,Digital 21h,14-75-74-41-36,57-58-77-22-34
17/07/2026,Vendredi,Digital 22h,44-33-04-66-62,15-35-43-05-38
17/07/2026,Vendredi,Digital 23h,18-55-48-07-43,75-04-37-38-87
17/07/2026,Vendredi,Cash,61-36-03-02-71,16-34-90-22-21
17/07/2026,Vendredi,Solution,10-13-54-03-72,24-82-06-39-66
17/07/2026,Vendredi,Wari,41-10-60-04-59,77-89-65-05-79
17/07/2026,Vendredi,Afterwork,49-79-80-29-38,84-57-43-68-18
17/07/2026,Vendredi,Friday Bonanza,89-20-74-13-18,
16/07/2026,Jeudi,Digital Reveil 7h,08-45-53-50-10,33-22-31-60-70
16/07/2026,Jeudi,Digital Reveil 8h,30-02-22-37-55,64-11-06-23-09
16/07/2026,Jeudi,Digital 21h,50-19-66-33-40,54-13-64-61-69
16/07/2026,Jeudi,Digital 22h,08-17-18-05-07,24-64-28-45-71
16/07/2026,Jeudi,Digital 23h,74-17-35-53-19,09-85-65-62-16
16/07/2026,Jeudi,Kado,02-15-53-88-81,45-12-08-27-65
16/07/2026,Jeudi,Privilege,25-68-54-49-76,04-05-07-56-37
16/07/2026,Jeudi,Monni,66-14-25-76-70,83-03-60-49-17
16/07/2026,Jeudi,Afterwork,25-71-12-36-79,16-62-42-73-48
16/07/2026,Jeudi,Fortune Thursday,36-06-16-27-81,
15/07/2026,Mercredi,Digital Reveil 7h,54-66-83-34-23,64-88-44-71-74
15/07/2026,Mercredi,Digital Reveil 8h,04-25-77-66-68,82-71-23-79-19
15/07/2026,Mercredi,Digital 21h,42-41-81-12-37,57-28-51-60-88
15/07/2026,Mercredi,Digital 22h,44-86-36-11-01,35-42-37-90-26
15/07/2026,Mercredi,Digital 23h,11-52-80-33-14,07-76-42-62-66
15/07/2026,Mercredi,Premiere Heure,79-90-65-53-42,66-51-86-24-77
15/07/2026,Mercredi,Fortune,62-20-21-23-24,77-22-72-48-36
15/07/2026,Mercredi,Baraka,22-89-24-16-69,60-19-87-06-30
15/07/2026,Mercredi,Afterwork,83-59-04-18-32,22-48-90-66-60
15/07/2026,Mercredi,Midweek,53-32-62-90-36,
14/07/2026,Mardi,Digital Reveil 7h,70-79-83-54-78,67-03-69-75-28
14/07/2026,Mardi,Digital Reveil 8h,37-24-47-75-19,80-87-14-15-44
14/07/2026,Mardi,Digital 21h,18-15-13-72-69,58-23-87-01-61
14/07/2026,Mardi,Digital 22h,80-18-65-25-43,86-79-13-41-12
14/07/2026,Mardi,Digital 23h,76-58-38-22-55,68-53-13-81-07
14/07/2026,Mardi,La Matinale,15-07-30-81-35,59-05-17-27-06
14/07/2026,Mardi,Emergence,32-36-23-25-33,35-03-90-86-84
14/07/2026,Mardi,Sika,65-46-75-18-60,63-79-16-54-27
14/07/2026,Mardi,Afterwork,85-90-42-21-76,29-59-39-73-89
14/07/2026,Mardi,Lucky Tuesday,39-43-61-45-81,
13/07/2026,Lundi,Digital Reveil 7h,24-69-60-71-09,82-34-18-86-68
13/07/2026,Lundi,Digital Reveil 8h,48-90-78-04-46,12-17-38-03-24
13/07/2026,Lundi,Digital 21h,53-87-14-19-41,42-16-60-33-88
13/07/2026,Lundi,Digital 22h,40-07-31-78-14,19-27-73-33-38
13/07/2026,Lundi,Digital 23h,31-45-29-90-24,37-22-61-59-62
13/07/2026,Lundi,Reveil,19-68-87-58-59,69-13-71-63-47
13/07/2026,Lundi,Etoile,21-32-60-35-12,01-18-31-75-58
13/07/2026,Lundi,Akwaba,79-45-61-59-33,20-50-68-60-75
13/07/2026,Lundi,Afterwork,57-18-77-10-23,02-69-74-71-87
13/07/2026,Lundi,Monday Special,21-11-74-06-39,
12/07/2026,Dimanche,Special Weekend 1h,65-21-68-86-42,37-79-81-10-22
12/07/2026,Dimanche,Special Weekend 3h,37-86-82-44-75,48-31-01-60-53
12/07/2026,Dimanche,Digital Reveil 7h,39-41-57-86-53,10-68-27-47-13
12/07/2026,Dimanche,Digital Reveil 8h,76-27-85-63-39,59-47-19-18-83
12/07/2026,Dimanche,Digital 21h,36-44-13-78-45,54-41-56-15-27
12/07/2026,Dimanche,Digital 22h,18-58-59-62-89,83-22-48-06-34
12/07/2026,Dimanche,Digital 23h,19-77-78-67-10,64-30-29-04-14
12/07/2026,Dimanche,Benediction,86-28-03-48-49,67-08-10-23-85
12/07/2026,Dimanche,Prestige,15-48-14-80-40,51-26-62-23-53
12/07/2026,Dimanche,Awale,06-70-87-80-56,26-15-40-65-35
12/07/2026,Dimanche,Afterwork,05-14-65-36-29,28-67-81-33-74
12/07/2026,Dimanche,Espoir,44-63-26-47-73,87-51-07-18-29
11/07/2026,Samedi,Special Weekend 1h,66-62-74-30-21,69-01-72-26-37
11/07/2026,Samedi,Special Weekend 3h,41-22-80-75-56,19-08-34-09-43
11/07/2026,Samedi,Digital Reveil 7h,30-74-47-79-66,67-34-52-49-60
11/07/2026,Samedi,Digital Reveil 8h,01-73-43-28-25,89-87-10-80-65
11/07/2026,Samedi,Digital 21h,87-83-58-89-28,67-41-72-10-90
11/07/2026,Samedi,Digital 22h,44-58-35-16-59,68-39-89-87-66
11/07/2026,Samedi,Digital 23h,22-62-56-84-41,59-21-46-52-61
11/07/2026,Samedi,Soutra,58-24-59-69-10,20-48-17-52-32
11/07/2026,Samedi,Diamant,30-57-65-39-04,17-83-37-31-62
11/07/2026,Samedi,Moaye,42-04-17-57-89,33-31-76-73-87
11/07/2026,Samedi,Afterwork,03-07-01-54-40,52-36-79-83-14
11/07/2026,Samedi,National,48-90-61-45-06,
10/07/2026,Vendredi,Digital Reveil 7h,40-03-60-26-42,55-22-47-78-11
10/07/2026,Vendredi,Digital Reveil 8h,81-09-13-38-75,70-88-20-04-90
10/07/2026,Vendredi,Digital 21h,80-51-21-44-29,14-70-74-05-48
10/07/2026,Vendredi,Digital 22h,39-54-13-51-02,21-20-69-44-38
10/07/2026,Vendredi,Digital 23h,77-70-81-34-50,31-24-07-45-12
10/07/2026,Vendredi,Cash,01-21-49-67-65,44-17-02-33-64
10/07/2026,Vendredi,Solution,39-56-21-18-07,08-81-30-35-25
10/07/2026,Vendredi,Wari,73-15-10-06-11,57-13-01-70-62
10/07/2026,Vendredi,Afterwork,19-85-15-52-03,78-82-09-40-36
10/07/2026,Vendredi,Friday Bonanza,22-30-40-72-65,
09/07/2026,Jeudi,Digital Reveil 7h,41-79-35-14-43,15-26-25-73-65
09/07/2026,Jeudi,Digital Reveil 8h,34-12-57-51-46,90-89-32-27-60
09/07/2026,Jeudi,Digital 21h,03-65-79-77-11,74-82-26-59-80
09/07/2026,Jeudi,Digital 22h,12-33-34-81-74,01-15-13-03-76
09/07/2026,Jeudi,Digital 23h,79-43-50-32-62,18-52-44-46-09
09/07/2026,Jeudi,Kado,76-44-67-51-63,82-45-88-69-77
09/07/2026,Jeudi,Privilege,74-08-85-41-67,48-20-68-49-25
09/07/2026,Jeudi,Monni,26-63-46-47-53,22-81-60-33-58
09/07/2026,Jeudi,Afterwork,84-06-10-78-86,03-85-14-26-18
09/07/2026,Jeudi,Fortune Thursday,55-90-63-43-78,
08/07/2026,Mercredi,Digital Reveil 7h,76-20-22-25-70,86-24-83-07-38
08/07/2026,Mercredi,Digital Reveil 8h,34-85-83-19-86,16-84-15-11-09
08/07/2026,Mercredi,Digital 21h,35-55-77-68-81,14-84-32-11-64
08/07/2026,Mercredi,Digital 22h,81-41-08-21-77,31-88-61-38-07
08/07/2026,Mercredi,Digital 23h,10-16-66-83-12,30-34-67-58-29
08/07/2026,Mercredi,Premiere Heure,43-06-82-16-34,53-69-26-11-73
08/07/2026,Mercredi,Fortune,61-32-67-54-11,73-35-58-88-41
08/07/2026,Mercredi,Baraka,46-78-08-13-30,37-60-24-51-69
08/07/2026,Mercredi,Afterwork,41-19-50-15-47,82-67-61-38-34
08/07/2026,Mercredi,Midweek,22-71-69-16-38,
07/07/2026,Mardi,Digital Reveil 7h,26-58-22-18-16,28-66-46-41-90
07/07/2026,Mardi,Digital Reveil 8h,15-36-69-71-77,56-87-38-32-86
07/07/2026,Mardi,Digital 21h,80-24-42-81-08,57-86-04-71-52
07/07/2026,Mardi,Digital 22h,23-62-73-69-78,75-43-25-27-68
07/07/2026,Mardi,Digital 23h,71-86-70-06-66,79-15-59-30-73
07/07/2026,Mardi,La Matinale,19-18-88-86-72,55-74-76-03-90
07/07/2026,Mardi,Emergence,49-78-34-39-73,24-81-31-01-67
07/07/2026,Mardi,Sika,83-19-81-80-51,77-86-34-26-12
07/07/2026,Mardi,Afterwork,37-17-03-84-18,45-87-66-25-48
07/07/2026,Mardi,Lucky Tuesday,85-21-15-32-58,
06/07/2026,Lundi,Digital Reveil 7h,44-74-76-35-17,38-82-70-30-25
06/07/2026,Lundi,Digital Reveil 8h,19-38-05-66-02,10-27-52-41-89
06/07/2026,Lundi,Digital 21h,77-82-74-60-11,70-20-04-83-72
06/07/2026,Lundi,Digital 22h,69-40-60-27-71,46-51-53-21-38
06/07/2026,Lundi,Digital 23h,14-17-45-06-41,65-57-50-81-62
06/07/2026,Lundi,Reveil,36-63-29-65-56,09-88-81-01-77
06/07/2026,Lundi,Etoile,40-84-66-29-54,27-34-41-15-01
06/07/2026,Lundi,Akwaba,25-51-52-13-29,76-81-49-69-31
06/07/2026,Lundi,Afterwork,07-30-57-68-54,82-63-15-17-38
06/07/2026,Lundi,Monday Special,06-81-44-67-73,
05/07/2026,Dimanche,Special Weekend 1h,70-07-75-28-15,20-40-84-05-69
05/07/2026,Dimanche,Special Weekend 3h,11-14-22-48-17,45-62-55-39-89
05/07/2026,Dimanche,Digital Reveil 7h,70-69-06-31-90,89-22-79-02-27
05/07/2026,Dimanche,Digital Reveil 8h,89-56-50-73-16,06-44-40-10-60
05/07/2026,Dimanche,Digital 21h,82-64-07-85-62,50-87-80-19-74
05/07/2026,Dimanche,Digital 22h,25-04-65-19-61,30-20-74-02-70
05/07/2026,Dimanche,Digital 23h,42-82-81-03-78,13-54-90-27-31
05/07/2026,Dimanche,Benediction,40-44-43-54-26,53-70-34-21-36
05/07/2026,Dimanche,Prestige,64-73-41-87-51,22-90-47-33-27
05/07/2026,Dimanche,Awale,68-54-38-63-55,60-86-62-48-78
05/07/2026,Dimanche,Afterwork,04-21-78-11-53,70-77-51-55-39
05/07/2026,Dimanche,Espoir,75-24-11-04-34,51-77-31-12-23
04/07/2026,Samedi,Special Weekend 1h,10-18-03-76-87,08-81-32-71-33
04/07/2026,Samedi,Special Weekend 3h,07-65-42-47-70,33-44-25-77-12
04/07/2026,Samedi,Digital Reveil 7h,18-07-81-56-41,78-34-62-70-49
04/07/2026,Samedi,Digital Reveil 8h,79-42-25-37-68,04-01-84-53-87
04/07/2026,Samedi,Digital 21h,62-57-75-15-14,60-63-35-80-33
04/07/2026,Samedi,Digital 22h,63-28-68-49-89,39-76-26-09-31
04/07/2026,Samedi,Digital 23h,44-08-06-03-05,87-90-83-28-57
04/07/2026,Samedi,Soutra,44-19-48-54-78,40-02-74-45-53
04/07/2026,Samedi,Diamant,48-21-52-88-04,03-46-12-61-16
04/07/2026,Samedi,Moaye,38-84-29-55-41,51-83-36-59-78
04/07/2026,Samedi,Afterwork,72-63-50-01-54,14-11-15-07-48
04/07/2026,Samedi,National,28-82-06-64-05,
03/07/2026,Vendredi,Digital Reveil 7h,35-22-20-75-49,61-47-60-12-51
03/07/2026,Vendredi,Digital Reveil 8h,84-86-58-14-03,11-59-83-09-88
03/07/2026,Vendredi,Digital 21h,86-69-75-37-81,21-14-52-60-04
03/07/2026,Vendredi,Digital 22h,21-26-71-35-48,90-60-46-89-24
03/07/2026,Vendredi,Digital 23h,69-09-23-89-68,05-20-16-70-62
03/07/2026,Vendredi,Cash,90-56-07-30-06,35-18-67-14-19
03/07/2026,Vendredi,Solution,73-68-46-80-59,87-02-83-90-33
03/07/2026,Vendredi,Wari,58-22-59-84-14,47-39-46-06-90
03/07/2026,Vendredi,Afterwork,53-38-74-70-30,73-14-87-77-20
03/07/2026,Vendredi,Day Off,31-08-06-77-36,48-76-80-09-07
02/07/2026,Jeudi,Digital Reveil 7h,50-72-04-71-73,03-55-02-26-34
02/07/2026,Jeudi,Digital Reveil 8h,79-33-64-55-09,57-04-28-89-85
02/07/2026,Jeudi,Digital 21h,45-05-33-09-77,26-83-54-67-90
02/07/2026,Jeudi,Digital 22h,88-26-35-41-38,52-82-86-10-40
02/07/2026,Jeudi,Digital 23h,30-05-39-55-70,36-85-56-86-29
02/07/2026,Jeudi,Kado,38-25-60-86-84,05-16-78-30-43
02/07/2026,Jeudi,Privilege,66-28-01-16-18,52-04-57-24-88
02/07/2026,Jeudi,Monni,60-14-43-26-42,08-09-84-30-58
02/07/2026,Jeudi,Afterwork,90-52-59-86-07,67-03-15-31-77
02/07/2026,Jeudi,Fortune Thursday,68-41-44-19-09,
01/07/2026,Mercredi,Digital Reveil 7h,83-82-06-48-57,43-33-10-17-69
01/07/2026,Mercredi,Digital Reveil 8h,53-81-83-67-65,27-21-31-90-78
01/07/2026,Mercredi,Digital 21h,52-35-57-66-44,67-90-19-56-30
01/07/2026,Mercredi,Digital 22h,51-86-90-66-59,81-06-77-53-34
01/07/2026,Mercredi,Digital 23h,79-61-16-28-07,31-37-82-57-08
01/07/2026,Mercredi,Premiere Heure,02-08-48-35-43,11-54-13-64-27
01/07/2026,Mercredi,Fortune,71-21-67-19-63,11-35-89-82-78
01/07/2026,Mercredi,Baraka,14-89-40-33-34,80-16-74-45-20
01/07/2026,Mercredi,Afterwork,18-68-78-63-04,90-77-75-61-71
01/07/2026,Mercredi,Midweek,83-52-25-56-12,
30/06/2026,Mardi,Digital Reveil 7h,79-28-72-59-54,29-84-53-07-12
30/06/2026,Mardi,Digital Reveil 8h,54-20-28-25-60,87-36-30-02-47
30/06/2026,Mardi,Digital 21h,57-85-64-34-21,69-74-18-22-82
30/06/2026,Mardi,Digital 22h,61-31-14-70-32,35-82-20-80-01
30/06/2026,Mardi,Digital 23h,30-75-18-68-65,04-06-63-88-02
30/06/2026,Mardi,La Matinale,32-60-13-84-05,80-47-86-78-23
30/06/2026,Mardi,Emergence,18-59-30-13-66,83-06-15-54-79
30/06/2026,Mardi,Sika,38-74-41-43-83,02-07-64-37-12
30/06/2026,Mardi,Afterwork,26-89-73-75-60,32-16-48-66-68
30/06/2026,Mardi,Lucky Tuesday,58-44-64-73-87,
29/06/2026,Lundi,Digital Reveil 7h,06-39-47-14-55,83-21-01-68-87
29/06/2026,Lundi,Digital Reveil 8h,90-62-82-48-88,68-14-29-06-59
29/06/2026,Lundi,Digital 21h,29-80-09-59-63,81-55-65-72-02
29/06/2026,Lundi,Digital 22h,04-07-37-67-53,01-22-89-62-59
29/06/2026,Lundi,Digital 23h,01-18-69-37-13,62-06-15-66-46
29/06/2026,Lundi,Reveil,12-73-20-46-30,16-33-02-78-64
29/06/2026,Lundi,Etoile,21-86-35-81-45,78-01-34-63-26
29/06/2026,Lundi,Akwaba,62-43-15-46-02,87-78-80-51-74
29/06/2026,Lundi,Afterwork,18-53-50-90-13,59-22-06-77-17
29/06/2026,Lundi,Monday Special,25-20-46-09-76,
28/06/2026,Dimanche,Special Weekend 1h,35-30-31-75-63,87-76-36-38-86
28/06/2026,Dimanche,Special Weekend 3h,17-42-65-58-19,28-49-70-24-31
28/06/2026,Dimanche,Digital Reveil 7h,53-27-89-12-42,16-61-28-08-22
28/06/2026,Dimanche,Digital Reveil 8h,19-52-33-85-88,15-64-54-01-62
28/06/2026,Dimanche,Digital 21h,82-43-78-51-79,64-37-69-05-23
28/06/2026,Dimanche,Digital 22h,79-82-57-71-14,73-03-89-17-80
28/06/2026,Dimanche,Digital 23h,45-34-55-73-40,50-69-13-89-84
28/06/2026,Dimanche,Benediction,27-53-52-59-64,07-85-40-80-12
28/06/2026,Dimanche,Prestige,36-34-02-53-09,44-85-52-43-55
28/06/2026,Dimanche,Awale,10-38-37-07-85,01-53-68-55-35
28/06/2026,Dimanche,Afterwork,12-18-69-29-75,37-59-82-52-04
28/06/2026,Dimanche,Espoir,68-67-26-09-81,87-51-71-72-80
27/06/2026,Samedi,Special Weekend 1h,28-27-54-37-07,56-88-06-12-33
27/06/2026,Samedi,Special Weekend 3h,15-02-89-33-11,41-13-58-22-66
27/06/2026,Samedi,Digital Reveil 7h,20-14-11-69-25,22-29-82-01-62
27/06/2026,Samedi,Digital Reveil 8h,75-28-20-71-22,58-77-87-49-80
27/06/2026,Samedi,Digital 21h,21-44-50-19-13,25-48-55-60-15
27/06/2026,Samedi,Digital 22h,87-33-32-23-16,06-08-14-02-47
27/06/2026,Samedi,Digital 23h,40-57-77-86-54,87-47-89-09-43
27/06/2026,Samedi,Soutra,86-60-33-05-81,41-54-42-06-67
27/06/2026,Samedi,Diamant,04-26-02-22-33,13-71-60-39-47
27/06/2026,Samedi,Moaye,42-25-75-45-55,26-82-86-29-14
27/06/2026,Samedi,Afterwork,06-40-28-87-58,18-49-70-89-42
27/06/2026,Samedi,National,39-29-08-23-22,
26/06/2026,Vendredi,Digital Reveil 7h,08-07-73-44-12,29-63-26-52-56
26/06/2026,Vendredi,Digital Reveil 8h,90-55-89-38-26,65-35-32-29-01
26/06/2026,Vendredi,Digital 21h,04-14-05-47-90,10-68-84-17-09
26/06/2026,Vendredi,Digital 22h,40-06-67-28-41,16-58-42-04-15
26/06/2026,Vendredi,Digital 23h,33-50-38-87-49,39-43-69-24-51
26/06/2026,Vendredi,Cash,12-53-62-04-90,02-18-40-20-29
26/06/2026,Vendredi,Solution,73-38-29-88-14,02-53-65-80-69
26/06/2026,Vendredi,Wari,22-72-66-89-50,86-43-40-55-08
26/06/2026,Vendredi,Afterwork,78-47-37-41-09,38-43-64-44-54
26/06/2026,Vendredi,Friday Bonanza,03-04-06-43-02,
25/06/2026,Jeudi,Digital Reveil 7h,21-67-17-53-18,87-84-77-06-12
25/06/2026,Jeudi,Digital Reveil 8h,62-71-89-22-88,68-81-70-14-03
25/06/2026,Jeudi,Digital 21h,14-04-84-30-79,47-17-75-68-29
25/06/2026,Jeudi,Digital 22h,11-48-78-87-71,62-77-56-88-76
25/06/2026,Jeudi,Digital 23h,62-21-05-71-16,15-32-42-72-63
25/06/2026,Jeudi,Kado,76-55-45-60-04,16-36-82-26-66
25/06/2026,Jeudi,Privilege,73-17-55-11-43,35-54-32-61-78
25/06/2026,Jeudi,Monni,69-09-18-68-27,07-16-33-77-25
25/06/2026,Jeudi,Afterwork,53-64-56-38-15,29-10-31-11-73
25/06/2026,Jeudi,Fortune Thursday,17-70-16-85-47,
24/06/2026,Mercredi,Digital Reveil 7h,55-74-32-65-14,35-25-86-67-50
24/06/2026,Mercredi,Digital Reveil 8h,11-55-13-87-21,39-12-24-53-03
24/06/2026,Mercredi,Digital 21h,20-61-01-73-66,48-89-27-47-65
24/06/2026,Mercredi,Digital 22h,06-24-15-57-42,53-34-37-31-10
24/06/2026,Mercredi,Digital 23h,67-72-49-17-77,18-28-70-25-68
24/06/2026,Mercredi,Premiere Heure,53-32-43-62-59,44-54-74-21-48
24/06/2026,Mercredi,Fortune,33-79-77-18-22,83-78-50-34-57
24/06/2026,Mercredi,Baraka,11-63-41-32-19,90-46-53-88-09
24/06/2026,Mercredi,Afterwork,87-08-21-48-40,07-23-42-45-03
24/06/2026,Mercredi,Midweek,02-77-21-76-67,
23/06/2026,Mardi,Digital Reveil 7h,49-59-80-78-11,48-61-27-10-21
23/06/2026,Mardi,Digital Reveil 8h,46-11-79-90-51,05-29-28-32-78
23/06/2026,Mardi,Digital 21h,03-39-83-23-10,25-84-27-58-08
23/06/2026,Mardi,Digital 22h,80-37-59-90-89,28-33-31-61-64
23/06/2026,Mardi,Digital 23h,41-27-65-83-52,42-46-30-22-44
23/06/2026,Mardi,La Matinale,16-76-84-62-57,13-64-39-61-27
23/06/2026,Mardi,Emergence,49-40-78-11-06,70-39-56-75-61
23/06/2026,Mardi,Sika,31-67-09-58-90,81-28-24-59-44
23/06/2026,Mardi,Afterwork,44-59-09-54-28,10-90-37-76-20
23/06/2026,Mardi,Lucky Tuesday,02-06-79-35-13,
22/06/2026,Lundi,Digital Reveil 7h,27-66-21-62-18,26-14-78-54-25
22/06/2026,Lundi,Digital Reveil 8h,60-56-52-76-80,35-21-55-68-51
22/06/2026,Lundi,Digital 21h,86-40-28-21-89,41-42-43-77-11
22/06/2026,Lundi,Digital 22h,58-32-44-79-12,75-67-78-07-33
22/06/2026,Lundi,Digital 23h,11-75-13-25-74,70-42-33-78-90
22/06/2026,Lundi,Reveil,81-10-04-64-38,13-28-24-68-26
22/06/2026,Lundi,Etoile,43-29-03-72-89,73-56-64-51-71
22/06/2026,Lundi,Akwaba,59-57-84-85-54,41-32-34-72-19
22/06/2026,Lundi,Afterwork,43-22-56-79-77,36-60-44-14-69
22/06/2026,Lundi,Monday Special,43-32-45-77-11,
21/06/2026,Dimanche,Special Weekend 1h,08-21-45-89-53,30-37-62-13-28
21/06/2026,Dimanche,Special Weekend 3h,39-65-88-23-90,38-30-50-59-42
21/06/2026,Dimanche,Digital Reveil 7h,32-01-68-76-06,75-88-77-82-02
21/06/2026,Dimanche,Digital Reveil 8h,25-82-51-26-12,45-60-05-59-49
21/06/2026,Dimanche,Digital 21h,65-14-23-72-34,33-66-31-24-26
21/06/2026,Dimanche,Digital 22h,15-89-01-71-10,33-09-30-53-03
21/06/2026,Dimanche,Digital 23h,63-79-87-33-13,49-02-44-50-86
21/06/2026,Dimanche,Benediction,17-44-62-30-40,10-07-57-34-49
21/06/2026,Dimanche,Prestige,24-58-03-10-89,41-77-51-32-31
21/06/2026,Dimanche,Awale,46-14-82-31-79,47-83-81-71-68
21/06/2026,Dimanche,Afterwork,90-79-82-65-63,36-87-30-03-28
21/06/2026,Dimanche,Espoir,32-37-80-08-13,01-17-38-87-27
20/06/2026,Samedi,Special Weekend 1h,79-80-78-66-57,16-63-02-64-60
20/06/2026,Samedi,Special Weekend 3h,06-34-03-12-65,82-44-40-04-45
20/06/2026,Samedi,Digital Reveil 7h,30-03-59-47-75,53-79-71-48-25
20/06/2026,Samedi,Digital Reveil 8h,18-58-81-04-24,67-68-42-69-02
20/06/2026,Samedi,Digital 21h,31-39-82-37-83,18-44-49-12-79
20/06/2026,Samedi,Digital 22h,24-32-15-11-18,79-03-37-19-12
20/06/2026,Samedi,Digital 23h,19-30-28-46-06,82-88-32-23-53
20/06/2026,Samedi,Soutra,26-47-68-59-84,22-76-77-09-80
20/06/2026,Samedi,Diamant,51-72-82-26-74,71-34-10-49-19
20/06/2026,Samedi,Moaye,26-53-11-06-48,42-08-19-49-30
20/06/2026,Samedi,Afterwork,73-37-47-77-18,61-29-35-21-34
20/06/2026,Samedi,National,21-41-80-66-81,
19/06/2026,Vendredi,Digital Reveil 7h,01-55-81-36-88,83-43-73-74-59
19/06/2026,Vendredi,Digital Reveil 8h,03-01-23-80-18,79-16-22-85-34
19/06/2026,Vendredi,Digital 21h,68-75-59-22-73,56-16-12-88-25
19/06/2026,Vendredi,Digital 22h,32-59-24-14-41,64-08-21-88-52
19/06/2026,Vendredi,Digital 23h,89-57-66-01-47,58-34-38-23-74
19/06/2026,Vendredi,Cash,01-71-06-04-37,72-57-02-85-30
19/06/2026,Vendredi,Solution,25-84-05-40-20,09-21-29-69-41
19/06/2026,Vendredi,Wari,03-47-18-19-28,63-26-61-67-06
19/06/2026,Vendredi,Afterwork,30-35-16-09-79,38-32-44-63-70
19/06/2026,Vendredi,Friday Bonanza,31-42-65-21-46,
18/06/2026,Jeudi,Digital Reveil 7h,46-88-86-42-32,18-71-90-58-38
18/06/2026,Jeudi,Digital Reveil 8h,62-22-28-54-70,33-85-77-15-38
18/06/2026,Jeudi,Digital 21h,40-90-27-89-50,68-14-28-87-66
18/06/2026,Jeudi,Digital 22h,15-89-17-03-09,49-74-43-83-66
18/06/2026,Jeudi,Digital 23h,40-38-24-19-10,55-11-06-77-03
18/06/2026,Jeudi,Kado,30-07-62-80-50,39-21-55-84-85
18/06/2026,Jeudi,Privilege,72-14-85-48-31,69-01-11-84-68
18/06/2026,Jeudi,Monni,62-59-57-67-44,76-18-87-35-49
18/06/2026,Jeudi,Afterwork,77-03-72-61-57,39-56-06-04-25
18/06/2026,Jeudi,Fortune Thursday,12-71-82-86-67,
17/06/2026,Mercredi,Digital Reveil 7h,65-81-11-20-08,18-27-79-14-60
17/06/2026,Mercredi,Digital Reveil 8h,28-58-52-65-03,64-86-53-62-78
17/06/2026,Mercredi,Digital 21h,36-84-33-27-83,21-30-51-29-56
17/06/2026,Mercredi,Digital 22h,43-37-46-64-76,31-15-38-30-71
17/06/2026,Mercredi,Digital 23h,33-07-15-74-36,81-13-69-37-70
17/06/2026,Mercredi,Premiere Heure,68-35-37-42-30,02-26-77-41-50
17/06/2026,Mercredi,Fortune,29-07-21-69-65,87-43-58-03-06
17/06/2026,Mercredi,Baraka,44-57-03-30-63,74-31-41-28-59
17/06/2026,Mercredi,Afterwork,20-31-81-06-66,62-08-37-15-12
17/06/2026,Mercredi,Midweek,76-66-89-85-87,
16/06/2026,Mardi,Digital Reveil 7h,57-17-16-60-21,66-87-41-62-15
16/06/2026,Mardi,Digital Reveil 8h,34-68-72-44-43,35-63-30-12-76
16/06/2026,Mardi,Digital 21h,74-19-41-34-50,46-23-88-87-38
16/06/2026,Mardi,Digital 22h,38-86-18-57-79,54-28-20-08-87
16/06/2026,Mardi,Digital 23h,74-28-86-64-82,35-75-83-60-69
16/06/2026,Mardi,La Matinale,18-08-83-55-59,29-12-47-21-42
16/06/2026,Mardi,Emergence,83-77-07-12-43,46-05-78-41-87
16/06/2026,Mardi,Sika,59-51-67-88-39,57-89-32-10-60
16/06/2026,Mardi,Afterwork,36-22-21-20-77,38-86-07-65-73
16/06/2026,Mardi,Lucky Tuesday,79-69-41-58-80,
15/06/2026,Lundi,Digital Reveil 7h,72-25-04-37-11,34-88-53-57-28
15/06/2026,Lundi,Digital Reveil 8h,75-63-85-28-66,57-79-10-70-22
15/06/2026,Lundi,Digital 21h,10-25-18-65-28,27-39-64-38-72
15/06/2026,Lundi,Digital 22h,07-58-90-39-30,82-59-32-63-85
15/06/2026,Lundi,Digital 23h,44-73-26-11-33,39-82-22-83-36
15/06/2026,Lundi,Reveil,71-09-36-66-26,12-56-32-57-41
15/06/2026,Lundi,Etoile,18-70-85-79-62,75-48-02-90-63
15/06/2026,Lundi,Akwaba,17-75-36-09-03,71-67-56-77-90
15/06/2026,Lundi,Afterwork,38-21-12-87-49,64-27-60-62-20
15/06/2026,Lundi,Monday Special,89-27-51-70-83,
14/06/2026,Dimanche,Special Weekend 1h,46-26-02-22-70,08-37-87-16-38
14/06/2026,Dimanche,Special Weekend 3h,20-69-34-32-72,65-70-43-24-83
14/06/2026,Dimanche,Digital Reveil 7h,58-14-73-41-04,80-30-22-78-03
14/06/2026,Dimanche,Digital Reveil 8h,31-40-81-66-33,15-49-60-42-39
14/06/2026,Dimanche,Digital 21h,12-16-84-13-08,14-64-31-88-34
14/06/2026,Dimanche,Digital 22h,85-41-05-69-83,06-87-02-38-37
14/06/2026,Dimanche,Digital 23h,70-24-42-57-05,25-16-66-83-06
14/06/2026,Dimanche,Benediction,37-85-73-43-84,30-77-06-72-54
14/06/2026,Dimanche,Prestige,64-06-45-35-71,79-09-31-24-04
14/06/2026,Dimanche,Awale,79-45-51-06-23,15-38-42-46-47
14/06/2026,Dimanche,Afterwork,63-54-60-70-52,24-85-83-76-57
14/06/2026,Dimanche,Espoir,36-24-86-02-87,17-34-47-16-39
13/06/2026,Samedi,Special Weekend 1h,06-80-22-25-82,37-13-84-11-50
13/06/2026,Samedi,Special Weekend 3h,10-80-03-08-56,01-21-40-81-05
13/06/2026,Samedi,Digital Reveil 7h,61-11-81-86-05,18-21-78-80-29
13/06/2026,Samedi,Digital Reveil 8h,89-45-75-88-49,85-73-56-38-04
13/06/2026,Samedi,Digital 21h,09-82-77-71-32,54-79-04-52-78
13/06/2026,Samedi,Digital 22h,18-35-05-65-03,74-77-88-20-01
13/06/2026,Samedi,Digital 23h,90-11-07-82-34,53-30-89-86-83
13/06/2026,Samedi,Soutra,32-51-88-33-52,84-86-28-23-03
13/06/2026,Samedi,Diamant,58-39-45-48-88,64-46-86-43-55
13/06/2026,Samedi,Moaye,07-48-90-81-21,73-46-23-57-09
13/06/2026,Samedi,Afterwork,74-17-90-20-39,24-23-03-52-82
13/06/2026,Samedi,National,37-22-61-74-69,
12/06/2026,Vendredi,Digital Reveil 7h,68-78-23-71-76,44-43-41-75-22
12/06/2026,Vendredi,Digital Reveil 8h,79-82-62-29-75,74-42-24-36-40
12/06/2026,Vendredi,Digital 21h,19-36-89-15-76,78-61-48-31-30
12/06/2026,Vendredi,Digital 22h,72-90-48-37-74,23-13-25-04-62
12/06/2026,Vendredi,Digital 23h,38-49-19-10-39,68-73-56-12-41
12/06/2026,Vendredi,Cash,11-45-70-59-48,34-52-42-86-84
12/06/2026,Vendredi,Solution,55-88-74-85-75,43-06-15-01-42
12/06/2026,Vendredi,Wari,03-60-72-56-77,10-18-20-74-64
12/06/2026,Vendredi,Afterwork,43-23-65-20-64,56-58-26-47-79
12/06/2026,Vendredi,Friday Bonanza,05-24-85-52-74,
11/06/2026,Jeudi,Digital Reveil 7h,17-74-15-77-38,02-41-69-34-59
11/06/2026,Jeudi,Digital Reveil 8h,19-51-89-36-82,12-78-04-24-13
11/06/2026,Jeudi,Digital 21h,51-12-86-73-01,31-75-49-15-43
11/06/2026,Jeudi,Digital 22h,37-78-08-57-60,06-15-30-84-44
11/06/2026,Jeudi,Digital 23h,16-67-29-90-07,87-48-01-11-63
11/06/2026,Jeudi,Kado,64-23-62-57-53,22-09-26-90-87
11/06/2026,Jeudi,Privilege,09-76-45-33-71,65-20-75-69-66
11/06/2026,Jeudi,Monni,75-59-42-26-16,54-65-55-03-72
11/06/2026,Jeudi,Afterwork,40-20-88-04-83,70-35-45-17-48
11/06/2026,Jeudi,Fortune Thursday,14-01-85-83-87,
10/06/2026,Mercredi,Digital Reveil 7h,79-59-52-58-13,46-60-24-19-26
10/06/2026,Mercredi,Digital Reveil 8h,01-61-52-18-55,21-11-69-76-60
10/06/2026,Mercredi,Digital 21h,28-87-46-81-90,38-68-39-85-89
10/06/2026,Mercredi,Digital 22h,58-70-57-60-10,09-66-28-05-02
10/06/2026,Mercredi,Digital 23h,29-67-04-88-75,46-18-48-84-54
10/06/2026,Mercredi,Premiere Heure,01-30-65-29-63,61-46-18-26-89
10/06/2026,Mercredi,Fortune,50-81-06-17-39,57-25-03-70-27
10/06/2026,Mercredi,Baraka,74-82-90-26-64,43-81-58-33-80
10/06/2026,Mercredi,Afterwork,41-74-42-21-39,30-87-19-73-48
10/06/2026,Mercredi,Midweek,08-35-33-87-74,
09/06/2026,Mardi,Digital Reveil 7h,59-39-69-51-80,67-25-21-70-48
09/06/2026,Mardi,Digital Reveil 8h,59-68-46-85-57,66-52-90-84-33
09/06/2026,Mardi,Digital 21h,24-82-88-22-38,47-06-36-08-56
09/06/2026,Mardi,Digital 22h,54-19-49-50-46,01-86-37-90-61
09/06/2026,Mardi,Digital 23h,90-50-30-58-46,44-12-51-76-75
09/06/2026,Mardi,La Matinale,58-77-57-40-65,01-43-84-02-72
09/06/2026,Mardi,Emergence,34-15-73-42-64,52-59-46-16-27
09/06/2026,Mardi,Sika,65-07-26-12-72,89-62-05-56-19
09/06/2026,Mardi,Afterwork,19-41-06-63-78,74-30-23-05-55
09/06/2026,Mardi,Lucky Tuesday,30-72-78-71-15,
08/06/2026,Lundi,Digital Reveil 7h,28-14-08-60-82,64-32-73-36-10
08/06/2026,Lundi,Digital Reveil 8h,72-22-04-47-63,88-44-14-16-25
08/06/2026,Lundi,Digital 21h,14-13-71-55-75,72-48-56-03-21
08/06/2026,Lundi,Digital 22h,59-76-14-31-44,09-47-45-70-67
08/06/2026,Lundi,Digital 23h,20-65-74-06-03,49-77-26-16-88
08/06/2026,Lundi,Reveil,44-65-21-06-58,17-31-03-71-45
08/06/2026,Lundi,Etoile,85-79-28-17-05,80-26-72-10-76
08/06/2026,Lundi,Akwaba,16-55-15-46-32,09-79-21-89-28
08/06/2026,Lundi,Afterwork,27-61-30-64-31,03-70-45-18-88
08/06/2026,Lundi,Monday Special,14-24-53-65-12,
07/06/2026,Dimanche,Special Weekend 1h,83-17-25-80-67,64-44-85-12-71
07/06/2026,Dimanche,Special Weekend 3h,31-49-79-71-28,27-19-81-85-75
07/06/2026,Dimanche,Digital Reveil 7h,76-85-08-81-79,23-84-46-35-03
07/06/2026,Dimanche,Digital Reveil 8h,32-79-07-13-64,59-60-22-78-16
07/06/2026,Dimanche,Digital 21h,45-58-69-28-82,33-74-01-43-12
07/06/2026,Dimanche,Digital 22h,61-72-02-08-18,41-09-59-12-44
07/06/2026,Dimanche,Digital 23h,77-58-19-51-63,40-18-49-74-55
07/06/2026,Dimanche,Benediction,60-21-39-28-18,88-55-43-24-23
07/06/2026,Dimanche,Prestige,13-82-32-70-15,61-51-10-81-17
07/06/2026,Dimanche,Awale,73-83-29-03-41,84-79-55-36-76
07/06/2026,Dimanche,Afterwork,71-70-56-12-19,82-65-01-51-32
07/06/2026,Dimanche,Espoir,64-17-58-05-40,83-51-50-33-34
06/06/2026,Samedi,Special Weekend 1h,81-79-58-55-09,26-88-31-24-77
06/06/2026,Samedi,Special Weekend 3h,63-55-83-27-85,67-72-75-54-78
06/06/2026,Samedi,Digital Reveil 7h,70-63-40-41-77,90-38-28-31-52
06/06/2026,Samedi,Digital Reveil 8h,47-34-42-79-62,64-07-31-49-77
06/06/2026,Samedi,Digital 21h,51-55-87-29-20,68-15-08-72-40
06/06/2026,Samedi,Digital 22h,16-72-82-12-19,44-65-42-67-70
06/06/2026,Samedi,Digital 23h,15-20-06-13-14,36-54-75-24-58
06/06/2026,Samedi,Soutra,37-73-23-02-14,28-36-41-52-45
06/06/2026,Samedi,Diamant,04-72-43-44-36,64-24-31-49-78
06/06/2026,Samedi,Moaye,21-22-73-80-41,54-72-78-29-07
06/06/2026,Samedi,Afterwork,90-74-82-37-39,38-56-58-50-22
06/06/2026,Samedi,National,27-77-16-82-51,
05/06/2026,Vendredi,Digital Reveil 7h,88-69-83-46-74,42-23-86-34-18
05/06/2026,Vendredi,Digital Reveil 8h,35-05-86-09-71,12-82-25-10-14
05/06/2026,Vendredi,Digital 21h,19-60-36-68-39,76-44-41-31-09
05/06/2026,Vendredi,Digital 22h,87-85-16-53-44,89-39-28-65-76
05/06/2026,Vendredi,Digital 23h,66-03-02-79-74,62-48-35-76-19
05/06/2026,Vendredi,Cash,30-80-45-82-56,40-01-77-88-67
05/06/2026,Vendredi,Solution,55-51-89-63-85,43-24-56-57-09
05/06/2026,Vendredi,Wari,55-32-87-58-65,71-74-47-01-11
05/06/2026,Vendredi,Afterwork,54-67-55-61-15,17-25-84-05-68
05/06/2026,Vendredi,Friday Bonanza,40-27-58-07-51,
04/06/2026,Jeudi,Digital Reveil 7h,45-39-58-89-25,87-35-65-63-68
04/06/2026,Jeudi,Digital Reveil 8h,39-37-56-82-67,79-66-41-15-31
04/06/2026,Jeudi,Digital 21h,84-43-33-82-48,40-08-90-04-74
04/06/2026,Jeudi,Digital 22h,17-47-04-71-18,54-63-89-61-38
04/06/2026,Jeudi,Digital 23h,38-90-52-80-09,04-32-14-51-20
04/06/2026,Jeudi,Kado,50-54-78-86-88,46-44-19-06-67
04/06/2026,Jeudi,Privilege,67-59-83-05-46,51-04-30-32-52
04/06/2026,Jeudi,Monni,86-71-03-17-67,73-33-09-43-52
04/06/2026,Jeudi,Afterwork,41-16-05-85-72,83-78-38-45-07
04/06/2026,Jeudi,Fortune Thursday,04-86-27-64-56,
03/06/2026,Mercredi,Digital Reveil 7h,09-57-12-21-31,29-10-15-82-34
03/06/2026,Mercredi,Digital Reveil 8h,35-65-69-10-47,59-54-90-80-12
03/06/2026,Mercredi,Digital 21h,48-27-10-36-25,43-19-84-53-44
03/06/2026,Mercredi,Digital 22h,15-48-85-87-10,69-45-37-76-74
03/06/2026,Mercredi,Digital 23h,16-01-49-69-56,88-74-14-28-61
03/06/2026,Mercredi,Premiere Heure,02-20-90-52-83,88-82-18-14-77
03/06/2026,Mercredi,Fortune,68-79-28-13-37,42-31-55-45-06
03/06/2026,Mercredi,Baraka,74-71-03-38-07,14-72-67-62-30
03/06/2026,Mercredi,Afterwork,10-63-42-14-30,13-69-83-34-25
03/06/2026,Mercredi,Midweek,90-53-49-88-68,
02/06/2026,Mardi,Digital Reveil 7h,23-20-78-50-47,12-87-66-11-81
02/06/2026,Mardi,Digital Reveil 8h,69-19-49-36-23,01-68-22-26-76
02/06/2026,Mardi,Digital 21h,79-90-86-25-65,70-33-84-73-44
02/06/2026,Mardi,Digital 22h,85-55-31-36-40,86-07-02-81-06
02/06/2026,Mardi,Digital 23h,25-19-28-33-10,41-07-06-60-80
02/06/2026,Mardi,La Matinale,06-62-16-87-42,29-18-89-50-53
02/06/2026,Mardi,Emergence,73-31-50-78-89,06-35-26-28-56
02/06/2026,Mardi,Sika,58-13-07-18-20,90-81-45-15-28
02/06/2026,Mardi,Afterwork,67-04-28-84-08,58-60-85-23-61
02/06/2026,Mardi,Lucky Tuesday,41-53-28-20-48,
01/06/2026,Lundi,Digital Reveil 7h,25-88-24-61-56,03-04-10-36-59
01/06/2026,Lundi,Digital Reveil 8h,38-29-75-67-52,72-11-24-18-22
01/06/2026,Lundi,Digital 21h,39-30-76-80-31,41-33-58-13-48
01/06/2026,Lundi,Digital 22h,33-09-18-52-06,66-79-57-28-43
01/06/2026,Lundi,Digital 23h,52-55-19-40-01,25-18-32-35-16
01/06/2026,Lundi,Reveil,26-81-79-17-21,37-40-60-49-22
01/06/2026,Lundi,Etoile,84-80-34-35-50,29-85-90-11-19
01/06/2026,Lundi,Akwaba,42-20-13-35-67,37-01-76-07-86
01/06/2026,Lundi,Afterwork,69-59-12-13-32,54-88-56-53-44
01/06/2026,Lundi,Monday Special,55-24-41-87-21,
31/05/2026,Dimanche,Special Weekend 1h,38-66-60-11-17,83-23-21-80-28
31/05/2026,Dimanche,Special Weekend 3h,18-36-16-09-52,56-80-75-05-90
31/05/2026,Dimanche,Digital Reveil 7h,25-41-03-01-04,50-61-69-14-88
31/05/2026,Dimanche,Digital Reveil 8h,41-09-27-08-18,83-62-28-02-22
31/05/2026,Dimanche,Digital 21h,16-68-18-21-62,77-01-13-09-71
31/05/2026,Dimanche,Digital 22h,89-43-56-84-67,48-78-23-14-24
31/05/2026,Dimanche,Digital 23h,40-38-69-22-72,76-13-83-01-07
31/05/2026,Dimanche,Benediction,16-05-19-46-01,62-48-70-02-32
31/05/2026,Dimanche,Prestige,62-77-34-41-53,27-23-30-88-64
31/05/2026,Dimanche,Awale,50-15-25-02-68,36-14-18-26-11
31/05/2026,Dimanche,Afterwork,81-90-66-13-88,42-47-58-57-05
31/05/2026,Dimanche,Espoir,66-15-42-71-53,64-52-31-45-39
30/05/2026,Samedi,Special Weekend 1h,10-54-08-50-28,70-63-25-73-89
30/05/2026,Samedi,Special Weekend 3h,02-18-49-47-73,22-44-04-42-79
30/05/2026,Samedi,Digital Reveil 7h,36-55-74-14-52,30-18-54-02-32
30/05/2026,Samedi,Digital Reveil 8h,12-80-37-82-33,59-65-13-90-81
30/05/2026,Samedi,Digital 21h,12-08-90-67-29,43-56-61-06-60
30/05/2026,Samedi,Digital 22h,42-61-56-65-81,33-80-90-79-36
30/05/2026,Samedi,Digital 23h,69-12-48-86-38,20-33-42-88-30
30/05/2026,Samedi,Soutra,10-52-57-84-53,03-26-55-86-61
30/05/2026,Samedi,Diamant,14-38-57-17-78,18-08-32-15-56
30/05/2026,Samedi,Moaye,09-78-25-58-02,48-12-73-86-17
30/05/2026,Samedi,Afterwork,74-07-27-36-77,83-26-29-71-06
30/05/2026,Samedi,National,81-64-15-74-88,
29/05/2026,Vendredi,Digital Reveil 7h,35-29-83-63-57,64-39-79-01-77
29/05/2026,Vendredi,Digital Reveil 8h,69-87-45-48-25,19-33-89-65-26
29/05/2026,Vendredi,Digital 21h,75-72-12-09-50,47-06-82-03-65
29/05/2026,Vendredi,Digital 22h,47-06-25-34-90,51-70-31-36-01
29/05/2026,Vendredi,Digital 23h,17-64-18-88-20,83-04-09-60-89
29/05/2026,Vendredi,Cash,19-26-13-03-20,24-86-31-34-32
29/05/2026,Vendredi,Solution,48-34-30-21-63,42-71-13-38-86
29/05/2026,Vendredi,Wari,09-64-44-13-20,72-85-26-61-75
29/05/2026,Vendredi,Afterwork,20-27-04-68-07,25-61-45-84-50
29/05/2026,Vendredi,Friday Bonanza,33-79-35-58-68,
28/05/2026,Jeudi,Digital Reveil 7h,47-76-67-75-62,34-06-81-68-38
28/05/2026,Jeudi,Digital Reveil 8h,39-37-27-33-82,24-02-64-31-73
28/05/2026,Jeudi,Digital 21h,69-57-47-63-73,84-65-90-68-31
28/05/2026,Jeudi,Digital 22h,56-64-86-47-40,35-24-15-84-38
28/05/2026,Jeudi,Digital 23h,87-57-84-01-89,39-55-75-64-40
28/05/2026,Jeudi,Kado,61-28-50-01-58,20-23-73-52-30
28/05/2026,Jeudi,Privilege,65-53-79-76-44,72-70-71-29-39
28/05/2026,Jeudi,Monni,73-45-78-43-24,32-64-09-75-58
28/05/2026,Jeudi,Afterwork,21-07-20-46-65,71-10-09-75-44
28/05/2026,Jeudi,Fortune Thursday,71-05-29-51-70,
27/05/2026,Mercredi,Digital Reveil 7h,17-01-52-22-60,77-36-66-84-50
27/05/2026,Mercredi,Digital Reveil 8h,13-23-73-89-56,46-71-32-67-35
27/05/2026,Mercredi,Digital 21h,74-81-28-42-25,10-47-77-79-75
27/05/2026,Mercredi,Digital 22h,07-01-75-55-38,18-36-77-46-21
27/05/2026,Mercredi,Digital 23h,18-54-16-21-74,67-38-78-56-71
27/05/2026,Mercredi,Premiere Heure,51-84-08-55-10,74-19-47-86-64
27/05/2026,Mercredi,Fortune,31-20-61-07-15,76-77-64-81-02
27/05/2026,Mercredi,Baraka,37-41-26-74-23,54-30-07-43-79
27/05/2026,Mercredi,Afterwork,18-76-15-33-09,81-74-27-19-53
27/05/2026,Mercredi,Day Off,76-36-51-14-25,43-61-75-45-74
26/05/2026,Mardi,Digital Reveil 7h,58-11-06-03-09,90-87-70-05-76
26/05/2026,Mardi,Digital Reveil 8h,33-22-81-59-63,05-40-21-04-61
26/05/2026,Mardi,Digital 21h,36-77-42-33-57,84-08-85-87-63
26/05/2026,Mardi,Digital 22h,14-71-41-70-08,19-87-66-34-37
26/05/2026,Mardi,Digital 23h,74-34-87-85-44,76-41-17-11-45
26/05/2026,Mardi,La Matinale,21-66-15-38-49,65-23-90-02-18
26/05/2026,Mardi,Emergence,28-17-75-16-34,57-32-48-27-55
26/05/2026,Mardi,Sika,69-58-66-02-04,15-11-16-34-03
26/05/2026,Mardi,Afterwork,79-82-76-55-37,68-63-87-01-22
26/05/2026,Mardi,Lucky Tuesday,12-32-01-45-11,
25/05/2026,Lundi,Digital Reveil 7h,09-33-23-12-87,83-01-06-62-24
25/05/2026,Lundi,Digital Reveil 8h,09-07-71-75-68,19-03-72-52-01
25/05/2026,Lundi,Digital 21h,32-68-02-80-30,84-77-25-61-13
25/05/2026,Lundi,Digital 22h,89-16-63-23-31,70-74-78-60-37
25/05/2026,Lundi,Digital 23h,73-06-80-90-30,65-63-07-49-24
25/05/2026,Lundi,Reveil,75-56-44-08-78,30-29-17-47-64
25/05/2026,Lundi,Etoile,55-32-39-73-78,43-84-63-34-68
25/05/2026,Lundi,Akwaba,15-32-11-70-83,24-45-82-61-51
25/05/2026,Lundi,Afterwork,67-61-03-86-42,85-07-15-26-73
25/05/2026,Lundi,Monday Special,86-04-24-32-60,
24/05/2026,Dimanche,Special Weekend 1h,69-56-62-68-66,51-14-40-72-09
24/05/2026,Dimanche,Special Weekend 3h,82-71-29-37-28,57-88-35-89-03
24/05/2026,Dimanche,Digital Reveil 7h,38-08-01-72-10,79-60-71-70-69
24/05/2026,Dimanche,Digital Reveil 8h,05-08-60-20-43,30-89-71-86-09
24/05/2026,Dimanche,Digital 21h,54-79-66-41-28,21-78-10-51-90
24/05/2026,Dimanche,Digital 22h,25-59-86-38-70,20-11-83-58-45
24/05/2026,Dimanche,Digital 23h,32-29-85-24-33,48-16-44-68-59
24/05/2026,Dimanche,Benediction,23-85-41-36-78,49-68-57-77-65
24/05/2026,Dimanche,Prestige,69-03-90-86-37,29-60-53-04-40
24/05/2026,Dimanche,Awale,44-62-05-51-42,06-08-47-77-21
24/05/2026,Dimanche,Afterwork,47-20-04-22-23,21-27-19-33-44
24/05/2026,Dimanche,Espoir,78-75-13-67-31,43-59-89-07-25
23/05/2026,Samedi,Special Weekend 1h,18-23-64-42-31,87-16-62-65-38
23/05/2026,Samedi,Special Weekend 3h,57-67-68-29-06,03-01-39-38-44
23/05/2026,Samedi,Digital Reveil 7h,18-65-25-10-40,69-50-77-73-83
23/05/2026,Samedi,Digital Reveil 8h,15-37-43-09-53,13-78-35-90-06
23/05/2026,Samedi,Digital 21h,72-03-55-59-16,33-66-04-79-44
23/05/2026,Samedi,Digital 22h,72-40-61-47-89,55-37-44-57-30
23/05/2026,Samedi,Digital 23h,42-12-77-86-49,22-35-17-51-06
23/05/2026,Samedi,Soutra,70-77-59-11-65,50-06-44-80-38
23/05/2026,Samedi,Diamant,40-48-14-52-67,42-73-81-85-23
23/05/2026,Samedi,Moaye,33-36-38-56-15,88-13-87-89-14
23/05/2026,Samedi,Afterwork,83-22-40-54-60,07-68-26-86-76
23/05/2026,Samedi,National,86-24-14-19-40,
22/05/2026,Vendredi,Digital Reveil 7h,81-36-65-83-35,66-67-30-90-50
22/05/2026,Vendredi,Digital Reveil 8h,61-68-70-44-66,21-32-89-82-39
22/05/2026,Vendredi,Digital 21h,84-52-58-13-55,73-87-33-69-54
22/05/2026,Vendredi,Digital 22h,59-31-82-24-76,11-88-63-65-18
22/05/2026,Vendredi,Digital 23h,76-04-72-89-79,20-87-18-77-59
22/05/2026,Vendredi,Cash,63-41-39-52-20,24-47-25-61-90
22/05/2026,Vendredi,Solution,65-51-22-85-54,82-63-33-59-60
22/05/2026,Vendredi,Wari,33-80-83-49-11,22-27-20-68-51
22/05/2026,Vendredi,Afterwork,54-30-06-02-09,15-88-74-55-25
22/05/2026,Vendredi,Friday Bonanza,23-69-63-13-31,
21/05/2026,Jeudi,Digital Reveil 7h,50-68-29-41-23,20-30-72-79-62
21/05/2026,Jeudi,Digital Reveil 8h,72-51-30-39-69,15-21-58-33-83
21/05/2026,Jeudi,Digital 21h,67-35-66-11-68,47-84-80-85-71
21/05/2026,Jeudi,Digital 22h,81-03-85-58-80,79-25-17-31-82
21/05/2026,Jeudi,Digital 23h,17-02-26-11-22,78-42-77-55-46
21/05/2026,Jeudi,Kado,49-12-61-31-25,58-81-17-88-67
21/05/2026,Jeudi,Privilege,17-24-21-41-88,80-42-12-08-40
21/05/2026,Jeudi,Monni,45-83-21-76-57,89-05-01-67-78
21/05/2026,Jeudi,Afterwork,65-28-75-31-25,04-38-15-69-34
21/05/2026,Jeudi,Fortune Thursday,03-17-19-11-77,
20/05/2026,Mercredi,Digital Reveil 7h,31-52-58-55-05,57-18-26-79-19
20/05/2026,Mercredi,Digital Reveil 8h,48-38-80-34-53,43-78-06-08-71
20/05/2026,Mercredi,Digital 21h,46-56-26-31-68,66-25-57-41-64
20/05/2026,Mercredi,Digital 22h,11-22-88-53-87,79-51-20-47-38
20/05/2026,Mercredi,Digital 23h,85-84-09-77-33,61-30-22-59-03
20/05/2026,Mercredi,Premiere Heure,81-58-80-03-31,36-87-20-30-75
20/05/2026,Mercredi,Fortune,84-09-49-88-57,50-32-72-31-12
20/05/2026,Mercredi,Baraka,61-72-49-30-41,76-78-51-60-74
20/05/2026,Mercredi,Afterwork,06-09-54-65-78,29-49-19-20-46
20/05/2026,Mercredi,Midweek,80-05-66-40-35,
19/05/2026,Mardi,Digital Reveil 7h,27-45-11-12-20,49-75-14-02-03
19/05/2026,Mardi,Digital Reveil 8h,59-24-74-72-19,54-43-18-45-85
19/05/2026,Mardi,Digital 21h,19-13-34-22-86,68-45-64-35-40
19/05/2026,Mardi,Digital 22h,15-09-90-47-42,88-32-28-45-74
19/05/2026,Mardi,Digital 23h,64-82-51-33-21,89-36-37-60-79
19/05/2026,Mardi,La Matinale,47-38-79-80-18,77-81-41-40-53
19/05/2026,Mardi,Emergence,60-67-43-81-40,78-45-07-35-27
19/05/2026,Mardi,Sika,15-60-72-43-42,87-20-19-08-33
19/05/2026,Mardi,Afterwork,89-58-39-06-65,13-71-19-82-64
19/05/2026,Mardi,Lucky Tuesday,03-64-63-90-73,
18/05/2026,Lundi,Digital Reveil 7h,60-05-31-85-06,39-22-10-62-65
18/05/2026,Lundi,Digital Reveil 8h,83-65-63-81-35,72-21-36-12-53
18/05/2026,Lundi,Digital 21h,26-36-67-85-35,62-03-45-28-30
18/05/2026,Lundi,Digital 22h,53-62-85-50-17,14-18-26-84-33
18/05/2026,Lundi,Digital 23h,22-29-13-90-72,73-80-86-01-50
18/05/2026,Lundi,Reveil,39-50-25-33-61,69-76-32-87-06
18/05/2026,Lundi,Etoile,63-25-05-53-04,11-61-06-07-42
18/05/2026,Lundi,Akwaba,24-57-39-71-42,78-59-86-32-82
18/05/2026,Lundi,Afterwork,38-83-01-22-32,34-03-04-71-49
18/05/2026,Lundi,Monday Special,87-90-19-15-18,
17/05/2026,Dimanche,Special Weekend 1h,45-36-28-56-09,55-60-42-50-52
17/05/2026,Dimanche,Special Weekend 3h,56-55-72-82-40,67-43-69-14-52
17/05/2026,Dimanche,Digital Reveil 7h,14-04-68-20-72,41-25-53-17-56
17/05/2026,Dimanche,Digital Reveil 8h,61-34-11-18-67,68-77-89-82-48
17/05/2026,Dimanche,Digital 21h,70-37-77-81-23,64-32-75-40-90
17/05/2026,Dimanche,Digital 22h,12-54-46-77-20,83-24-57-18-87
17/05/2026,Dimanche,Digital 23h,01-59-03-27-32,15-71-23-73-09
17/05/2026,Dimanche,Benediction,61-22-87-38-10,77-19-76-89-73
17/05/2026,Dimanche,Prestige,45-33-77-01-66,57-22-34-60-06
17/05/2026,Dimanche,Awale,01-43-80-77-78,23-84-45-73-18
17/05/2026,Dimanche,Afterwork,54-55-23-19-22,09-77-67-26-35
17/05/2026,Dimanche,Espoir,25-48-44-74-43,13-53-83-51-45
16/05/2026,Samedi,Special Weekend 1h,54-56-61-79-89,22-65-60-05-12
16/05/2026,Samedi,Special Weekend 3h,38-45-89-23-66,57-31-08-75-41
16/05/2026,Samedi,Digital Reveil 7h,08-56-88-14-50,85-07-05-77-58
16/05/2026,Samedi,Digital Reveil 8h,53-89-70-16-41,90-01-36-38-17
16/05/2026,Samedi,Digital 21h,63-17-42-19-11,61-85-83-73-68
16/05/2026,Samedi,Digital 22h,02-38-64-71-49,90-20-88-09-25
16/05/2026,Samedi,Digital 23h,16-70-36-46-76,39-81-54-32-14
16/05/2026,Samedi,Soutra,87-20-37-33-62,76-07-77-06-64
16/05/2026,Samedi,Diamant,12-90-53-89-21,29-05-17-69-64
16/05/2026,Samedi,Moaye,31-20-82-43-50,05-34-49-57-10
16/05/2026,Samedi,Afterwork,85-02-81-42-75,59-17-76-14-04
16/05/2026,Samedi,National,21-84-02-62-83,
15/05/2026,Vendredi,Digital Reveil 7h,42-62-88-52-85,13-89-15-12-24
15/05/2026,Vendredi,Digital Reveil 8h,27-90-53-59-13,74-69-07-51-06
15/05/2026,Vendredi,Digital 21h,67-87-47-42-40,43-77-79-88-66
15/05/2026,Vendredi,Digital 22h,76-03-09-10-30,89-69-88-26-15
15/05/2026,Vendredi,Digital 23h,22-54-78-12-17,18-05-51-50-07
15/05/2026,Vendredi,Cash,64-35-12-34-55,57-82-14-06-72
15/05/2026,Vendredi,Solution,49-46-69-20-29,38-80-52-61-27
15/05/2026,Vendredi,Wari,23-65-76-39-61,67-03-43-59-45
15/05/2026,Vendredi,Afterwork,73-41-17-07-26,58-35-38-13-03
15/05/2026,Vendredi,Friday Bonanza,50-35-75-41-76,
14/05/2026,Jeudi,Digital Reveil 7h,73-77-25-71-28,35-51-10-67-53
14/05/2026,Jeudi,Digital Reveil 8h,55-61-07-24-56,19-01-21-36-35
14/05/2026,Jeudi,Digital 21h,36-55-62-15-46,90-05-72-14-23
14/05/2026,Jeudi,Digital 22h,40-27-89-57-74,45-08-29-58-28
14/05/2026,Jeudi,Digital 23h,45-23-33-57-52,42-24-61-22-25
14/05/2026,Jeudi,Kado,41-23-30-84-06,85-16-63-26-45
14/05/2026,Jeudi,Privilege,30-31-54-28-29,63-43-85-52-77
14/05/2026,Jeudi,Monni,33-72-16-12-79,80-45-09-76-85
14/05/2026,Jeudi,Afterwork,67-29-86-80-31,12-47-15-82-54
14/05/2026,Jeudi,Fortune Thursday,33-78-47-28-24,
13/05/2026,Mercredi,Digital Reveil 7h,50-70-63-57-77,04-09-52-40-35
13/05/2026,Mercredi,Digital Reveil 8h,51-68-33-75-89,47-13-45-53-07
13/05/2026,Mercredi,Digital 21h,03-82-62-74-66,20-17-80-24-28
13/05/2026,Mercredi,Digital 22h,06-32-30-23-35,47-58-85-63-04
13/05/2026,Mercredi,Digital 23h,41-27-65-12-21,19-44-69-83-01
13/05/2026,Mercredi,Premiere Heure,37-72-70-88-57,41-02-19-30-25
13/05/2026,Mercredi,Fortune,33-38-76-60-67,18-51-70-79-24
13/05/2026,Mercredi,Baraka,57-79-38-29-34,69-62-49-14-45
13/05/2026,Mercredi,Afterwork,06-30-88-60-29,26-82-76-63-67
13/05/2026,Mercredi,Midweek,59-37-58-44-51,
12/05/2026,Mardi,Digital Reveil 7h,07-40-08-06-67,77-68-50-89-79
12/05/2026,Mardi,Digital Reveil 8h,88-50-01-53-49,27-24-71-79-20
12/05/2026,Mardi,Digital 21h,31-19-76-66-51,40-88-54-82-77
12/05/2026,Mardi,Digital 22h,67-16-41-55-83,75-86-18-02-61
12/05/2026,Mardi,Digital 23h,59-40-30-90-06,46-47-33-41-29
12/05/2026,Mardi,La Matinale,71-56-30-10-07,40-38-52-11-19
12/05/2026,Mardi,Emergence,44-56-84-70-47,36-45-27-41-23
12/05/2026,Mardi,Sika,37-65-76-60-01,38-20-71-34-18
12/05/2026,Mardi,Afterwork,16-11-57-30-62,37-85-71-33-19
12/05/2026,Mardi,Lucky Tuesday,77-64-17-67-63,
11/05/2026,Lundi,Digital Reveil 7h,78-05-36-69-22,52-72-25-27-55
11/05/2026,Lundi,Digital Reveil 8h,45-12-39-84-11,37-06-77-58-75
11/05/2026,Lundi,Digital 21h,72-61-57-13-37,69-63-17-16-39
11/05/2026,Lundi,Digital 22h,61-81-21-08-42,46-82-02-47-27
11/05/2026,Lundi,Digital 23h,67-87-80-17-10,25-07-51-33-34
11/05/2026,Lundi,Reveil,01-62-88-22-09,29-46-67-24-27
11/05/2026,Lundi,Etoile,60-25-84-05-41,78-24-68-47-07
11/05/2026,Lundi,Akwaba,12-79-41-67-20,34-04-14-66-70
11/05/2026,Lundi,Afterwork,30-42-66-88-43,24-26-12-90-31
11/05/2026,Lundi,Monday Special,50-86-01-33-56,
10/05/2026,Dimanche,Special Weekend 1h,07-79-67-31-40,11-86-22-68-57
10/05/2026,Dimanche,Special Weekend 3h,01-78-51-64-45,09-82-38-21-75
10/05/2026,Dimanche,Digital Reveil 7h,80-82-62-26-87,09-38-66-28-22
10/05/2026,Dimanche,Digital Reveil 8h,40-27-65-80-45,25-41-90-32-24
10/05/2026,Dimanche,Digital 21h,22-18-56-21-04,48-57-69-05-62
10/05/2026,Dimanche,Digital 22h,75-81-07-34-23,66-58-11-05-50
10/05/2026,Dimanche,Digital 23h,52-78-08-88-65,53-56-68-43-19
10/05/2026,Dimanche,Benediction,40-58-35-61-59,73-34-01-77-78
10/05/2026,Dimanche,Prestige,45-78-55-19-71,26-40-17-04-75
10/05/2026,Dimanche,Awale,49-07-61-14-78,89-44-09-54-43
10/05/2026,Dimanche,Afterwork,89-67-64-16-43,35-28-32-40-27
10/05/2026,Dimanche,Espoir,81-36-66-76-54,15-38-59-17-13
09/05/2026,Samedi,Special Weekend 1h,38-25-90-85-80,05-37-45-39-65
09/05/2026,Samedi,Special Weekend 3h,49-11-32-50-73,45-37-53-25-18
09/05/2026,Samedi,Digital Reveil 7h,20-12-05-29-60,88-68-08-85-67
09/05/2026,Samedi,Digital Reveil 8h,82-37-90-65-57,45-68-23-27-17
09/05/2026,Samedi,Digital 21h,89-72-32-11-28,18-03-68-82-73
09/05/2026,Samedi,Digital 22h,73-70-86-85-12,65-23-49-01-33
09/05/2026,Samedi,Digital 23h,62-27-90-52-37,64-14-66-29-12
09/05/2026,Samedi,Soutra,13-69-31-30-06,67-16-66-55-54
09/05/2026,Samedi,Diamant,30-17-70-62-01,08-75-79-07-32
09/05/2026,Samedi,Moaye,84-85-70-51-37,40-46-76-38-57
09/05/2026,Samedi,Afterwork,44-15-90-81-11,49-80-68-21-13
09/05/2026,Samedi,National,80-74-56-10-03,
08/05/2026,Vendredi,Digital Reveil 7h,22-17-83-51-58,49-43-64-05-11
08/05/2026,Vendredi,Digital Reveil 8h,79-22-28-04-72,20-18-59-75-14
08/05/2026,Vendredi,Digital 21h,73-22-69-20-32,10-55-45-36-24
08/05/2026,Vendredi,Digital 22h,25-02-34-21-54,29-28-76-61-46
08/05/2026,Vendredi,Digital 23h,14-39-88-33-70,37-53-21-27-77
08/05/2026,Vendredi,Cash,22-08-63-82-20,55-21-60-11-71
08/05/2026,Vendredi,Solution,75-09-17-21-16,28-74-31-47-20
08/05/2026,Vendredi,Wari,73-54-46-04-11,25-84-07-36-82
08/05/2026,Vendredi,Afterwork,79-60-85-53-10,89-02-38-36-51
08/05/2026,Vendredi,Friday Bonanza,03-71-69-32-02,
07/05/2026,Jeudi,Digital Reveil 7h,80-22-53-05-90,12-41-50-59-11
07/05/2026,Jeudi,Digital Reveil 8h,69-21-49-16-42,84-89-81-26-76
07/05/2026,Jeudi,Digital 21h,67-23-11-43-63,79-75-36-71-69
07/05/2026,Jeudi,Digital 22h,88-43-04-84-28,66-29-83-49-85
07/05/2026,Jeudi,Digital 23h,10-14-16-88-49,79-42-29-44-21
07/05/2026,Jeudi,Kado,78-39-29-72-88,19-59-51-43-46
07/05/2026,Jeudi,Privilege,08-52-76-80-13,72-03-45-35-40
07/05/2026,Jeudi,Monni,19-42-45-55-62,12-79-59-04-46
07/05/2026,Jeudi,Afterwork,61-03-70-09-52,07-17-21-67-04
07/05/2026,Jeudi,Fortune Thursday,36-03-65-84-15,
06/05/2026,Mercredi,Digital Reveil 7h,77-32-51-56-76,53-23-48-60-02
06/05/2026,Mercredi,Digital Reveil 8h,09-75-25-32-43,21-50-57-23-06
06/05/2026,Mercredi,Digital 21h,65-04-78-87-09,40-36-46-77-54
06/05/2026,Mercredi,Digital 22h,40-65-80-41-13,45-36-72-68-64
06/05/2026,Mercredi,Digital 23h,30-36-68-60-59,20-51-42-19-14
06/05/2026,Mercredi,Premiere Heure,30-79-21-06-56,32-38-60-74-45
06/05/2026,Mercredi,Fortune,58-84-05-15-39,60-52-87-12-63
06/05/2026,Mercredi,Baraka,39-34-46-09-86,06-33-60-73-71
06/05/2026,Mercredi,Afterwork,54-06-37-62-56,59-08-40-65-46
06/05/2026,Mercredi,Midweek,73-69-07-09-82,
05/05/2026,Mardi,Digital Reveil 7h,02-39-08-88-15,48-09-10-35-13
05/05/2026,Mardi,Digital Reveil 8h,11-73-59-36-02,14-37-12-17-75
05/05/2026,Mardi,Digital 21h,33-47-75-79-06,21-70-04-03-45
05/05/2026,Mardi,Digital 22h,08-55-88-40-60,39-42-63-28-54
05/05/2026,Mardi,Digital 23h,01-52-60-22-48,29-30-47-57-02
05/05/2026,Mardi,La Matinale,31-04-20-25-35,39-70-38-56-07
05/05/2026,Mardi,Emergence,09-42-64-43-10,56-38-31-60-54
05/05/2026,Mardi,Sika,76-42-27-19-57,72-03-88-02-46
05/05/2026,Mardi,Afterwork,63-03-30-62-40,25-73-54-67-68
05/05/2026,Mardi,Lucky Tuesday,11-68-38-22-14,
04/05/2026,Lundi,Digital Reveil 7h,72-69-84-22-50,34-26-27-15-85
04/05/2026,Lundi,Digital Reveil 8h,79-42-35-20-81,87-43-11-59-38
04/05/2026,Lundi,Digital 21h,67-63-88-28-03,40-39-44-41-79
04/05/2026,Lundi,Digital 22h,77-09-62-10-17,50-72-39-37-22
04/05/2026,Lundi,Digital 23h,23-71-80-72-02,17-20-83-53-10
04/05/2026,Lundi,Reveil,10-58-52-15-01,54-42-24-08-56
04/05/2026,Lundi,Etoile,32-68-13-19-42,59-15-07-01-26
04/05/2026,Lundi,Akwaba,03-33-30-01-31,52-37-25-22-36
04/05/2026,Lundi,Afterwork,25-66-10-59-47,34-73-03-22-56
04/05/2026,Lundi,Monday Special,68-14-37-78-10,
03/05/2026,Dimanche,Special Weekend 1h,29-63-39-33-04,03-57-65-14-78
03/05/2026,Dimanche,Special Weekend 3h,18-63-29-06-83,57-46-51-03-52
03/05/2026,Dimanche,Digital Reveil 7h,42-17-47-74-40,83-46-11-19-64
03/05/2026,Dimanche,Digital Reveil 8h,12-72-58-64-26,38-03-11-07-10
03/05/2026,Dimanche,Digital 21h,72-87-33-20-15,23-63-48-21-57
03/05/2026,Dimanche,Digital 22h,76-86-21-61-42,66-73-57-46-37
03/05/2026,Dimanche,Digital 23h,34-07-72-36-62,77-90-85-17-04
03/05/2026,Dimanche,Benediction,09-03-57-43-13,16-39-11-90-87
03/05/2026,Dimanche,Prestige,36-08-13-49-63,38-54-83-77-34
03/05/2026,Dimanche,Awale,24-19-51-18-73,05-74-04-16-28
03/05/2026,Dimanche,Afterwork,63-75-39-68-15,60-16-83-24-74
03/05/2026,Dimanche,Espoir,72-67-21-27-35,46-47-26-78-61
02/05/2026,Samedi,Special Weekend 1h,33-37-22-64-70,01-16-76-32-61
02/05/2026,Samedi,Special Weekend 3h,54-27-20-16-67,23-17-19-22-62
02/05/2026,Samedi,Digital Reveil 7h,35-11-21-49-20,37-24-08-43-59
02/05/2026,Samedi,Digital Reveil 8h,77-16-07-28-10,11-47-34-53-85
02/05/2026,Samedi,Digital 21h,46-30-07-76-47,36-63-88-04-60
02/05/2026,Samedi,Digital 22h,68-54-45-82-14,02-77-18-08-06
02/05/2026,Samedi,Digital 23h,16-47-13-27-41,18-04-85-06-81
02/05/2026,Samedi,Soutra,70-80-78-29-46,58-57-66-52-03
02/05/2026,Samedi,Diamant,49-02-51-06-28,80-43-36-78-04
02/05/2026,Samedi,Moaye,87-74-20-59-16,32-76-51-29-15
02/05/2026,Samedi,Afterwork,44-16-05-88-48,78-84-65-70-72
02/05/2026,Samedi,National,84-10-43-05-13,
01/05/2026,Vendredi,Digital Reveil 7h,31-80-84-43-27,90-19-63-81-08
01/05/2026,Vendredi,Digital Reveil 8h,76-11-36-77-71,83-54-16-46-86
01/05/2026,Vendredi,Digital 21h,57-77-05-76-03,24-67-08-37-58
01/05/2026,Vendredi,Digital 22h,16-40-15-25-50,43-89-34-09-12
01/05/2026,Vendredi,Digital 23h,59-27-04-34-02,51-89-11-82-13
01/05/2026,Vendredi,Cash,11-08-06-16-45,43-52-74-68-09
01/05/2026,Vendredi,Solution,22-40-68-15-37,73-62-24-12-69
01/05/2026,Vendredi,Wari,57-11-86-77-53,71-78-15-54-42
01/05/2026,Vendredi,Afterwork,47-44-70-18-67,41-33-45-66-77
01/05/2026,Vendredi,Day Off,56-79-27-57-55,11-14-68-45-90
30/04/2026,Jeudi,Digital Reveil 7h,62-81-20-52-22,60-29-02-33-90
30/04/2026,Jeudi,Digital Reveil 8h,60-07-19-81-59,72-06-64-28-05
30/04/2026,Jeudi,Digital 21h,07-86-55-06-48,23-39-89-25-65
30/04/2026,Jeudi,Digital 22h,25-44-26-01-32,73-71-65-36-66
30/04/2026,Jeudi,Digital 23h,71-29-65-60-64,07-74-01-14-20
30/04/2026,Jeudi,Kado,30-25-63-32-41,55-68-02-24-88
30/04/2026,Jeudi,Privilege,37-48-72-63-36,59-74-81-61-87
30/04/2026,Jeudi,Monni,85-64-76-01-35,22-32-81-34-88
30/04/2026,Jeudi,Afterwork,78-61-14-64-28,47-79-12-50-87
30/04/2026,Jeudi,Fortune Thursday,63-25-61-22-28,
29/04/2026,Mercredi,Digital Reveil 7h,76-87-78-03-27,86-22-52-56-46
29/04/2026,Mercredi,Digital Reveil 8h,07-52-57-17-01,88-55-60-03-40
29/04/2026,Mercredi,Digital 21h,88-69-57-17-80,06-82-16-05-66
29/04/2026,Mercredi,Digital 22h,18-11-29-14-52,47-06-40-01-87
29/04/2026,Mercredi,Digital 23h,83-08-46-71-15,01-25-50-77-42
29/04/2026,Mercredi,Premiere Heure,13-64-07-50-88,45-53-49-57-42
29/04/2026,Mercredi,Fortune,73-01-53-55-86,14-33-31-61-06
29/04/2026,Mercredi,Baraka,14-79-03-36-68,30-15-05-73-81
29/04/2026,Mercredi,Afterwork,78-06-52-27-75,42-66-87-20-26
29/04/2026,Mercredi,Midweek,71-39-76-58-32,
28/04/2026,Mardi,Digital Reveil 7h,57-53-48-58-18,76-20-45-25-09
28/04/2026,Mardi,Digital Reveil 8h,15-13-65-39-21,67-05-33-79-57
28/04/2026,Mardi,Digital 21h,54-37-02-82-78,88-27-13-87-17
28/04/2026,Mardi,Digital 22h,61-62-10-07-42,59-86-19-71-22
28/04/2026,Mardi,Digital 23h,26-89-39-75-59,56-50-25-45-43
28/04/2026,Mardi,La Matinale,68-24-02-72-52,37-60-03-01-50
28/04/2026,Mardi,Emergence,27-16-50-90-84,18-64-34-45-17
28/04/2026,Mardi,Sika,63-84-26-49-83,14-62-68-42-41
28/04/2026,Mardi,Afterwork,51-40-45-60-54,81-74-72-04-88
28/04/2026,Mardi,Lucky Tuesday,73-22-52-05-62,
27/04/2026,Lundi,Digital Reveil 7h,83-61-63-17-42,31-84-79-71-48
27/04/2026,Lundi,Digital Reveil 8h,41-19-29-59-44,70-46-56-36-07
27/04/2026,Lundi,Digital 21h,61-66-41-17-05,36-62-71-52-90
27/04/2026,Lundi,Digital 22h,34-44-41-49-54,77-30-33-89-46
27/04/2026,Lundi,Digital 23h,89-42-41-58-78,28-54-15-79-60
27/04/2026,Lundi,Reveil,62-20-12-67-65,72-39-23-24-50
27/04/2026,Lundi,Etoile,03-11-08-71-46,79-12-55-86-48
27/04/2026,Lundi,Akwaba,21-71-09-36-62,26-47-89-68-55
27/04/2026,Lundi,Afterwork,21-25-14-57-48,45-60-64-89-20
27/04/2026,Lundi,Monday Special,69-74-01-31-02,
26/04/2026,Dimanche,Special Weekend 1h,42-20-61-90-10,14-47-70-28-50
26/04/2026,Dimanche,Special Weekend 3h,41-88-86-15-47,04-70-36-67-10
26/04/2026,Dimanche,Digital Reveil 7h,52-12-10-51-73,04-08-01-49-39
26/04/2026,Dimanche,Digital Reveil 8h,25-75-67-52-06,28-47-64-70-01
26/04/2026,Dimanche,Digital 21h,33-77-36-06-54,53-35-42-16-43
26/04/2026,Dimanche,Digital 22h,68-90-19-28-23,18-38-26-72-14
26/04/2026,Dimanche,Digital 23h,29-39-12-64-11,58-25-10-48-21
26/04/2026,Dimanche,Benediction,75-26-87-06-28,56-20-43-58-81
26/04/2026,Dimanche,Prestige,72-01-69-36-45,54-13-23-05-46
26/04/2026,Dimanche,Awale,02-21-80-47-68,74-34-76-46-11
26/04/2026,Dimanche,Afterwork,33-14-41-53-64,06-65-03-50-29
26/04/2026,Dimanche,Espoir,41-85-01-72-67,45-59-43-60-38
25/04/2026,Samedi,Special Weekend 1h,88-60-52-11-27,69-58-56-49-36
25/04/2026,Samedi,Special Weekend 3h,30-40-80-73-21,77-60-44-38-05
25/04/2026,Samedi,Digital Reveil 7h,42-68-25-48-33,16-21-86-39-51
25/04/2026,Samedi,Digital Reveil 8h,56-13-16-57-52,58-46-63-66-15
25/04/2026,Samedi,Digital 21h,89-52-30-43-76,34-71-86-54-56
25/04/2026,Samedi,Digital 22h,14-06-81-79-69,34-42-12-33-75
25/04/2026,Samedi,Digital 23h,49-87-62-23-84,81-44-78-77-71
25/04/2026,Samedi,Soutra,32-35-73-18-69,77-15-80-36-12
25/04/2026,Samedi,Diamant,66-52-85-35-77,11-10-55-41-49
25/04/2026,Samedi,Moaye,40-78-11-61-07,67-31-16-72-87
25/04/2026,Samedi,Afterwork,88-25-39-83-34,21-22-87-02-90
25/04/2026,Samedi,National,39-01-30-80-48,
24/04/2026,Vendredi,Digital Reveil 7h,79-44-90-07-40,61-15-54-25-85
24/04/2026,Vendredi,Digital Reveil 8h,54-13-36-23-66,10-17-45-52-43
24/04/2026,Vendredi,Digital 21h,46-67-08-15-21,11-69-90-56-70
24/04/2026,Vendredi,Digital 22h,88-07-15-51-69,74-63-68-29-58
24/04/2026,Vendredi,Digital 23h,55-48-16-69-02,54-23-83-03-19
24/04/2026,Vendredi,Cash,84-02-12-17-63,52-68-48-79-37
24/04/2026,Vendredi,Solution,43-85-51-30-07,84-27-33-68-22
24/04/2026,Vendredi,Wari,83-04-77-54-80,32-79-74-09-40
24/04/2026,Vendredi,Afterwork,47-76-80-85-72,87-62-75-38-42
24/04/2026,Vendredi,Friday Bonanza,52-39-30-50-88,
23/04/2026,Jeudi,Digital Reveil 7h,62-06-59-88-13,35-16-80-33-73
23/04/2026,Jeudi,Digital Reveil 8h,41-90-75-15-03,23-31-19-25-87
23/04/2026,Jeudi,Digital 21h,09-22-77-81-16,87-23-82-08-59
23/04/2026,Jeudi,Digital 22h,39-36-72-33-50,51-68-07-67-27
23/04/2026,Jeudi,Digital 23h,36-65-63-82-35,11-84-23-49-52
23/04/2026,Jeudi,Kado,76-27-80-37-41,79-68-39-85-01
23/04/2026,Jeudi,Privilege,20-77-44-28-68,04-24-43-23-42
23/04/2026,Jeudi,Monni,49-43-86-57-88,58-81-23-30-02
23/04/2026,Jeudi,Afterwork,50-49-20-12-68,60-74-19-53-44
23/04/2026,Jeudi,Fortune Thursday,18-27-06-24-55,
22/04/2026,Mercredi,Digital Reveil 7h,70-73-44-75-76,29-10-72-58-62
22/04/2026,Mercredi,Digital Reveil 8h,45-16-21-02-66,80-55-75-40-15
22/04/2026,Mercredi,Digital 21h,17-68-12-33-82,71-69-66-80-46
22/04/2026,Mercredi,Digital 22h,48-63-78-30-53,18-37-22-89-07
22/04/2026,Mercredi,Digital 23h,77-46-60-20-57,66-09-35-55-68
22/04/2026,Mercredi,Premiere Heure,71-18-28-51-07,23-81-37-16-42
22/04/2026,Mercredi,Fortune,46-77-41-66-28,38-57-65-24-60
22/04/2026,Mercredi,Baraka,15-69-11-38-60,78-32-71-31-16
22/04/2026,Mercredi,Afterwork,39-78-34-36-37,15-17-04-62-38
22/04/2026,Mercredi,Midweek,06-76-85-37-33,
21/04/2026,Mardi,Digital Reveil 7h,22-50-25-14-46,20-60-37-73-12
21/04/2026,Mardi,Digital Reveil 8h,17-80-48-83-30,29-90-79-13-67
21/04/2026,Mardi,Digital 21h,23-09-40-07-61,24-39-50-59-37
21/04/2026,Mardi,Digital 22h,60-24-18-55-56,37-13-66-21-49
21/04/2026,Mardi,Digital 23h,90-55-43-83-06,71-68-32-50-45
21/04/2026,Mardi,La Matinale,41-59-49-26-80,20-67-06-44-69
21/04/2026,Mardi,Emergence,30-60-20-88-53,08-06-39-83-21
21/04/2026,Mardi,Sika,49-65-64-26-14,10-13-25-29-71
21/04/2026,Mardi,Afterwork,67-38-08-42-68,40-56-24-51-45
21/04/2026,Mardi,Lucky Tuesday,21-31-85-28-35,
20/04/2026,Lundi,Digital Reveil 7h,77-62-43-71-63,20-13-89-06-78
20/04/2026,Lundi,Digital Reveil 8h,88-81-84-76-56,19-30-40-04-47
20/04/2026,Lundi,Digital 21h,34-44-02-37-23,54-01-67-80-73
20/04/2026,Lundi,Digital 22h,22-29-14-50-24,73-69-47-89-70
20/04/2026,Lundi,Digital 23h,60-32-81-77-35,20-29-40-25-44
20/04/2026,Lundi,Reveil,39-60-24-66-80,29-49-87-71-03
20/04/2026,Lundi,Etoile,24-62-61-86-56,29-77-30-68-14
20/04/2026,Lundi,Akwaba,47-56-36-13-04,81-82-88-69-49
20/04/2026,Lundi,Afterwork,68-44-48-84-85,03-43-46-04-33
20/04/2026,Lundi,Monday Special,13-04-28-27-51,
19/04/2026,Dimanche,Special Weekend 1h,28-07-78-27-74,58-31-77-21-13
19/04/2026,Dimanche,Special Weekend 3h,41-03-33-73-44,74-27-49-65-37
19/04/2026,Dimanche,Digital Reveil 7h,78-25-28-82-60,35-64-85-43-27
19/04/2026,Dimanche,Digital Reveil 8h,77-46-80-56-33,59-57-19-84-72
19/04/2026,Dimanche,Digital 21h,43-03-33-20-18,61-40-26-08-34
19/04/2026,Dimanche,Digital 22h,16-34-41-50-88,28-89-09-76-77
19/04/2026,Dimanche,Digital 23h,79-43-16-20-03,22-78-45-69-40
19/04/2026,Dimanche,Benediction,15-34-50-85-84,29-17-47-25-60
19/04/2026,Dimanche,Prestige,46-52-07-51-48,50-81-55-31-54
19/04/2026,Dimanche,Awale,28-68-37-35-25,50-40-72-09-89
19/04/2026,Dimanche,Afterwork,85-78-66-39-38,45-47-04-21-12
19/04/2026,Dimanche,Espoir,43-89-56-58-83,68-25-63-49-47
18/04/2026,Samedi,Special Weekend 1h,17-84-50-31-05,68-61-37-29-01
18/04/2026,Samedi,Special Weekend 3h,37-39-45-43-90,03-49-73-55-58
18/04/2026,Samedi,Digital Reveil 7h,09-08-32-76-10,06-22-51-02-44
18/04/2026,Samedi,Digital Reveil 8h,23-82-28-33-15,65-85-29-83-60
18/04/2026,Samedi,Digital 21h,89-41-88-35-42,75-17-24-36-37
18/04/2026,Samedi,Digital 22h,19-66-06-77-52,81-29-87-37-02
18/04/2026,Samedi,Digital 23h,08-66-36-55-69,60-46-04-68-13
18/04/2026,Samedi,Soutra,10-18-85-81-52,48-70-80-55-43
18/04/2026,Samedi,Diamant,10-74-85-90-38,62-61-73-03-40
18/04/2026,Samedi,Moaye,33-20-19-08-64,74-65-44-77-71
18/04/2026,Samedi,Afterwork,18-30-65-31-88,66-72-76-14-17
18/04/2026,Samedi,National,71-72-60-41-79,
17/04/2026,Vendredi,Digital Reveil 7h,35-89-59-55-49,51-77-10-20-88
17/04/2026,Vendredi,Digital Reveil 8h,09-47-84-45-62,69-07-90-55-48
17/04/2026,Vendredi,Digital 21h,82-75-72-74-06,69-41-19-39-64
17/04/2026,Vendredi,Digital 22h,17-53-65-07-33,25-30-03-36-90
17/04/2026,Vendredi,Digital 23h,25-62-42-36-23,28-48-41-14-73
17/04/2026,Vendredi,Cash,43-88-38-79-18,42-45-74-03-31
17/04/2026,Vendredi,Solution,63-13-09-40-06,14-11-31-54-77
17/04/2026,Vendredi,Wari,81-24-41-86-56,43-11-25-88-18
17/04/2026,Vendredi,Afterwork,69-58-77-84-66,75-03-86-22-34
17/04/2026,Vendredi,Friday Bonanza,41-65-87-85-06,
16/04/2026,Jeudi,Digital Reveil 7h,06-36-34-77-84,14-21-53-49-73
16/04/2026,Jeudi,Digital Reveil 8h,32-02-22-04-88,47-55-51-45-16
16/04/2026,Jeudi,Digital 21h,82-51-12-19-01,58-16-71-33-78
16/04/2026,Jeudi,Digital 22h,57-58-79-27-47,69-34-60-56-78
16/04/2026,Jeudi,Digital 23h,28-35-42-74-68,03-31-43-34-69
16/04/2026,Jeudi,Kado,80-53-50-37-69,48-81-35-38-62
16/04/2026,Jeudi,Privilege,80-79-49-87-20,54-67-63-45-29
16/04/2026,Jeudi,Monni,76-02-32-22-09,37-79-53-24-56
16/04/2026,Jeudi,Afterwork,01-20-78-28-53,69-15-43-73-55
16/04/2026,Jeudi,Fortune Thursday,08-72-01-41-19,
15/04/2026,Mercredi,Digital Reveil 7h,15-01-04-66-84,13-70-26-05-55
15/04/2026,Mercredi,Digital Reveil 8h,60-26-38-90-13,43-62-23-69-79
15/04/2026,Mercredi,Digital 21h,88-82-33-35-24,77-71-20-64-18
15/04/2026,Mercredi,Digital 22h,44-47-72-55-30,42-74-61-82-81
15/04/2026,Mercredi,Digital 23h,56-89-30-72-65,63-45-88-41-14
15/04/2026,Mercredi,Premiere Heure,88-09-34-51-11,01-86-39-44-47
15/04/2026,Mercredi,Fortune,09-32-62-67-46,35-82-11-03-43
15/04/2026,Mercredi,Baraka,67-77-38-33-26,22-83-23-57-31
15/04/2026,Mercredi,Afterwork,37-25-03-09-42,83-17-39-67-21
15/04/2026,Mercredi,Midweek,76-87-60-56-30,
14/04/2026,Mardi,Digital Reveil 7h,64-16-49-78-07,55-43-08-02-39
14/04/2026,Mardi,Digital Reveil 8h,85-73-74-22-66,82-68-30-71-12
14/04/2026,Mardi,Digital 21h,64-10-66-88-03,02-01-32-19-26
14/04/2026,Mardi,Digital 22h,31-56-88-74-45,52-44-26-33-25
14/04/2026,Mardi,Digital 23h,32-21-13-31-71,27-83-10-28-75
14/04/2026,Mardi,La Matinale,49-72-48-29-41,20-90-23-39-04
14/04/2026,Mardi,Emergence,34-82-10-50-07,18-79-40-42-15
14/04/2026,Mardi,Sika,53-48-30-56-21,36-69-70-75-28
14/04/2026,Mardi,Afterwork,51-40-05-02-82,61-42-77-12-46
14/04/2026,Mardi,Lucky Tuesday,18-55-81-14-82,
13/04/2026,Lundi,Digital Reveil 7h,82-09-40-28-11,08-76-79-87-54
13/04/2026,Lundi,Digital Reveil 8h,85-52-12-31-23,46-83-14-86-40
13/04/2026,Lundi,Digital 21h,53-57-49-14-35,46-72-77-85-61
13/04/2026,Lundi,Digital 22h,80-19-83-48-46,35-36-73-40-88
13/04/2026,Lundi,Digital 23h,75-69-83-66-33,54-15-43-12-04
13/04/2026,Lundi,Reveil,18-71-54-39-03,07-83-46-58-59
13/04/2026,Lundi,Etoile,30-26-81-83-53,34-70-54-35-52
13/04/2026,Lundi,Akwaba,50-48-73-58-02,19-87-08-34-45
13/04/2026,Lundi,Afterwork,19-52-82-34-65,11-05-75-87-57
13/04/2026,Lundi,Monday Special,52-01-26-66-72,
12/04/2026,Dimanche,Special Weekend 1h,11-24-37-75-17,83-87-61-32-21
12/04/2026,Dimanche,Special Weekend 3h,37-17-68-01-03,44-31-22-74-32
12/04/2026,Dimanche,Digital Reveil 7h,78-14-87-08-83,79-21-30-20-81
12/04/2026,Dimanche,Digital Reveil 8h,78-29-56-49-60,02-55-07-28-81
12/04/2026,Dimanche,Digital 21h,32-64-78-44-83,71-04-25-90-89
12/04/2026,Dimanche,Digital 22h,63-01-77-84-29,72-89-80-28-39
12/04/2026,Dimanche,Digital 23h,67-18-01-64-82,88-68-45-58-09
12/04/2026,Dimanche,Benediction,53-33-56-24-23,45-35-63-84-78
12/04/2026,Dimanche,Prestige,69-63-66-61-23,48-08-38-55-50
12/04/2026,Dimanche,Awale,58-13-69-35-87,64-50-49-83-17
12/04/2026,Dimanche,Afterwork,67-66-86-44-13,03-49-53-46-32
12/04/2026,Dimanche,Espoir,81-64-29-24-04,40-51-75-11-42
11/04/2026,Samedi,Special Weekend 1h,19-51-48-46-35,05-25-68-15-10
11/04/2026,Samedi,Special Weekend 3h,68-07-29-19-54,84-89-48-30-56
11/04/2026,Samedi,Digital Reveil 7h,22-04-60-86-84,85-40-14-57-59
11/04/2026,Samedi,Digital Reveil 8h,05-88-21-86-80,59-57-18-45-37
11/04/2026,Samedi,Digital 21h,77-52-41-36-49,16-80-89-19-18
11/04/2026,Samedi,Digital 22h,20-40-28-55-14,09-26-70-37-38
11/04/2026,Samedi,Digital 23h,41-13-26-90-25,30-36-77-10-33
11/04/2026,Samedi,Soutra,18-25-24-47-61,81-66-20-84-03
11/04/2026,Samedi,Diamant,88-14-12-27-48,05-74-45-25-61
11/04/2026,Samedi,Moaye,01-21-58-43-30,19-27-10-25-24
11/04/2026,Samedi,Afterwork,73-16-42-57-58,08-07-02-21-62
11/04/2026,Samedi,National,13-67-71-72-63,
10/04/2026,Vendredi,Digital Reveil 7h,61-19-76-38-74,88-44-30-01-06
10/04/2026,Vendredi,Digital Reveil 8h,57-78-44-76-51,15-17-31-33-38
10/04/2026,Vendredi,Digital 21h,77-74-36-37-10,11-75-72-20-61
10/04/2026,Vendredi,Digital 22h,14-01-82-88-89,02-36-30-61-33
10/04/2026,Vendredi,Digital 23h,65-88-15-23-24,66-52-06-36-87
10/04/2026,Vendredi,Cash,45-36-15-35-73,86-18-13-68-60
10/04/2026,Vendredi,Solution,53-85-28-84-42,15-77-81-44-56
10/04/2026,Vendredi,Wari,62-20-53-18-34,41-73-87-84-43
10/04/2026,Vendredi,Afterwork,13-55-37-45-82,68-62-86-85-39
10/04/2026,Vendredi,Friday Bonanza,16-40-37-06-04,
09/04/2026,Jeudi,Digital Reveil 7h,80-86-23-11-71,50-62-68-82-39
09/04/2026,Jeudi,Digital Reveil 8h,34-61-37-68-26,85-51-19-60-72
09/04/2026,Jeudi,Digital 21h,73-11-89-55-42,79-46-09-32-16
09/04/2026,Jeudi,Digital 22h,35-71-17-30-83,34-39-33-85-47
09/04/2026,Jeudi,Digital 23h,71-41-19-89-44,87-17-05-38-11
09/04/2026,Jeudi,Kado,55-67-26-64-81,86-11-44-20-61
09/04/2026,Jeudi,Privilege,16-56-53-20-83,43-59-06-74-84
09/04/2026,Jeudi,Monni,81-29-26-55-70,21-53-07-85-18
09/04/2026,Jeudi,Afterwork,32-58-64-70-19,69-23-17-47-67
09/04/2026,Jeudi,Fortune Thursday,71-50-27-39-20,
08/04/2026,Mercredi,Digital Reveil 7h,30-76-81-90-31,19-58-25-77-49
08/04/2026,Mercredi,Digital Reveil 8h,62-07-76-03-53,02-20-33-09-31
08/04/2026,Mercredi,Digital 21h,42-22-49-50-35,24-36-04-69-06
08/04/2026,Mercredi,Digital 22h,87-20-03-88-30,12-41-42-70-72
08/04/2026,Mercredi,Digital 23h,08-74-09-15-64,32-57-72-65-60
08/04/2026,Mercredi,Premiere Heure,87-43-71-31-28,80-45-16-26-17
08/04/2026,Mercredi,Fortune,01-42-68-29-14,76-45-60-73-62
08/04/2026,Mercredi,Baraka,24-28-21-22-11,56-61-07-77-13
08/04/2026,Mercredi,Afterwork,60-70-05-54-55,32-41-47-80-73
08/04/2026,Mercredi,Midweek,25-54-29-33-69,
07/04/2026,Mardi,Digital Reveil 7h,70-25-46-20-82,01-85-06-66-79
07/04/2026,Mardi,Digital Reveil 8h,72-85-28-31-16,53-47-51-11-57
07/04/2026,Mardi,Digital 21h,57-31-22-32-41,44-81-51-07-80
07/04/2026,Mardi,Digital 22h,81-65-69-34-66,71-77-33-59-85
07/04/2026,Mardi,Digital 23h,33-06-28-50-45,77-87-29-36-37
07/04/2026,Mardi,La Matinale,38-17-63-62-70,88-86-45-89-42
07/04/2026,Mardi,Emergence,59-26-11-49-23,29-19-88-79-07
07/04/2026,Mardi,Sika,53-52-20-08-60,30-35-47-80-09
07/04/2026,Mardi,Afterwork,87-23-75-54-74,50-76-69-48-16
07/04/2026,Mardi,Lucky Tuesday,04-71-25-55-12,
06/04/2026,Lundi,Digital Reveil 7h,30-25-80-05-89,73-01-62-57-04
06/04/2026,Lundi,Digital Reveil 8h,34-69-30-04-27,26-20-65-57-85
06/04/2026,Lundi,Digital 21h,50-14-79-30-63,75-09-06-45-07
06/04/2026,Lundi,Digital 22h,29-66-30-24-49,58-07-82-67-81
06/04/2026,Lundi,Digital 23h,60-69-52-38-33,25-42-39-16-18
06/04/2026,Lundi,Reveil,70-23-51-12-57,14-88-08-26-52
06/04/2026,Lundi,Etoile,02-15-40-33-21,59-84-48-31-55
06/04/2026,Lundi,Akwaba,38-23-22-69-78,03-56-46-48-60
06/04/2026,Lundi,Afterwork,06-16-81-24-57,54-32-55-37-01
06/04/2026,Lundi,Day Off,87-39-24-51-01,45-11-78-37-03
05/04/2026,Dimanche,Special Weekend 1h,83-64-63-16-31,05-35-36-20-44
05/04/2026,Dimanche,Special Weekend 3h,24-36-90-52-50,64-20-26-45-71
05/04/2026,Dimanche,Digital Reveil 7h,48-25-85-16-09,33-04-35-02-22
05/04/2026,Dimanche,Digital Reveil 8h,16-20-60-51-05,55-75-69-79-73
05/04/2026,Dimanche,Digital 21h,56-82-75-90-85,43-62-80-22-42
05/04/2026,Dimanche,Digital 22h,85-84-80-08-87,35-04-39-43-50
05/04/2026,Dimanche,Digital 23h,06-03-71-67-35,04-68-05-24-18
05/04/2026,Dimanche,Benediction,31-49-30-32-42,64-86-39-66-45
05/04/2026,Dimanche,Prestige,61-39-68-53-73,14-65-78-42-08
05/04/2026,Dimanche,Awale,83-01-79-41-33,42-67-04-37-78
05/04/2026,Dimanche,Afterwork,67-86-82-26-39,81-40-29-21-63
05/04/2026,Dimanche,Espoir,73-42-55-38-17,74-08-14-46-60
04/04/2026,Samedi,Special Weekend 1h,86-22-90-63-14,02-15-26-60-32
04/04/2026,Samedi,Special Weekend 3h,29-70-52-46-44,69-22-76-09-60
04/04/2026,Samedi,Digital Reveil 7h,17-19-49-05-88,26-39-58-70-11
04/04/2026,Samedi,Digital Reveil 8h,71-40-30-27-06,70-66-39-44-75
04/04/2026,Samedi,Digital 21h,47-30-24-79-27,19-39-52-78-07
04/04/2026,Samedi,Digital 22h,18-71-74-72-86,78-11-88-81-65
04/04/2026,Samedi,Digital 23h,62-33-24-68-22,77-72-18-37-30
04/04/2026,Samedi,Soutra,47-11-55-49-74,45-21-66-89-32
04/04/2026,Samedi,Diamant,50-56-16-42-30,76-75-27-88-54
04/04/2026,Samedi,Moaye,56-48-27-50-08,42-40-54-55-16
04/04/2026,Samedi,Afterwork,12-06-67-38-42,34-76-01-70-87
04/04/2026,Samedi,National,82-16-44-50-47,
03/04/2026,Vendredi,Digital Reveil 7h,13-37-70-03-75,23-67-27-82-30
03/04/2026,Vendredi,Digital Reveil 8h,70-42-75-50-54,69-49-76-11-38
03/04/2026,Vendredi,Digital 21h,45-46-66-71-74,25-16-89-07-55
03/04/2026,Vendredi,Digital 22h,17-52-20-09-82,90-42-73-12-27
03/04/2026,Vendredi,Digital 23h,25-10-09-35-58,02-28-24-65-07
03/04/2026,Vendredi,Cash,41-01-59-88-77,82-19-62-53-84
03/04/2026,Vendredi,Solution,17-65-24-54-83,88-33-15-45-43
03/04/2026,Vendredi,Wari,03-35-84-28-05,83-82-42-30-70
03/04/2026,Vendredi,Afterwork,05-88-47-44-12,75-01-23-32-37
03/04/2026,Vendredi,Day Off,41-62-35-69-78,57-71-90-74-72
02/04/2026,Jeudi,Digital Reveil 7h,18-52-58-72-90,71-30-32-04-35
02/04/2026,Jeudi,Digital Reveil 8h,27-63-12-09-71,81-19-90-16-75
02/04/2026,Jeudi,Digital 21h,63-45-29-18-08,41-32-62-60-81
02/04/2026,Jeudi,Digital 22h,49-67-24-18-20,19-11-03-13-57
02/04/2026,Jeudi,Digital 23h,23-63-44-61-12,43-35-14-17-68
02/04/2026,Jeudi,Kado,73-46-41-58-55,15-12-18-34-16
02/04/2026,Jeudi,Privilege,30-65-77-82-35,20-70-50-29-18
02/04/2026,Jeudi,Monni,51-15-61-10-63,80-24-01-71-87
02/04/2026,Jeudi,Afterwork,43-87-33-54-25,29-67-63-72-22
02/04/2026,Jeudi,Fortune Thursday,14-63-04-30-19,
01/04/2026,Mercredi,Digital Reveil 7h,17-89-79-73-66,71-44-10-50-86
01/04/2026,Mercredi,Digital Reveil 8h,35-11-31-71-02,20-38-77-47-54
01/04/2026,Mercredi,Digital 21h,59-44-68-58-34,09-03-74-62-19
01/04/2026,Mercredi,Digital 22h,78-73-08-44-14,85-19-20-17-70
01/04/2026,Mercredi,Digital 23h,70-60-55-80-28,23-88-14-33-30
01/04/2026,Mercredi,Premiere Heure,19-59-39-31-12,60-87-21-46-88
01/04/2026,Mercredi,Fortune,88-05-73-30-13,46-31-60-75-28
01/04/2026,Mercredi,Baraka,61-82-01-43-50,30-07-85-71-16
01/04/2026,Mercredi,Afterwork,74-86-64-61-38,16-23-33-81-17
01/04/2026,Mercredi,Midweek,03-18-38-29-10,
31/03/2026,Mardi,Digital Reveil 7h,29-30-84-72-33,62-39-41-06-21
31/03/2026,Mardi,Digital Reveil 8h,11-03-48-81-10,46-83-24-32-31
31/03/2026,Mardi,Digital 21h,67-66-70-63-81,84-39-15-07-16
31/03/2026,Mardi,Digital 22h,41-55-17-22-25,86-37-83-06-09
31/03/2026,Mardi,Digital 23h,01-68-32-56-36,65-75-85-60-55
31/03/2026,Mardi,La Matinale,51-48-33-65-59,54-68-84-41-10
31/03/2026,Mardi,Emergence,83-22-04-64-69,16-79-59-48-30
31/03/2026,Mardi,Sika,58-24-13-53-51,43-41-27-57-47
31/03/2026,Mardi,Afterwork,13-10-52-87-80,06-75-03-18-90
31/03/2026,Mardi,Lucky Tuesday,53-69-35-18-03,
30/03/2026,Lundi,Digital Reveil 7h,09-30-24-67-57,82-17-63-65-69
30/03/2026,Lundi,Digital Reveil 8h,74-57-16-10-40,12-08-01-31-25
30/03/2026,Lundi,Digital 21h,05-31-20-30-41,17-08-73-64-10
30/03/2026,Lundi,Digital 22h,45-09-34-06-33,82-62-01-81-30
30/03/2026,Lundi,Digital 23h,83-41-11-70-72,44-75-26-07-71
30/03/2026,Lundi,Reveil,53-80-77-88-32,35-71-37-07-03
30/03/2026,Lundi,Etoile,69-26-60-38-19,49-64-22-33-42
30/03/2026,Lundi,Akwaba,84-66-75-50-48,57-42-89-49-76
30/03/2026,Lundi,Afterwork,14-63-53-80-67,90-26-54-37-22
30/03/2026,Lundi,Monday Special,80-23-66-12-34,
29/03/2026,Dimanche,Special Weekend 1h,42-12-76-62-89,08-83-67-23-24
29/03/2026,Dimanche,Special Weekend 3h,89-70-12-14-44,59-72-67-61-33
29/03/2026,Dimanche,Digital Reveil 7h,45-01-55-11-71,39-12-41-27-84
29/03/2026,Dimanche,Digital Reveil 8h,86-24-07-38-06,29-25-69-28-44
29/03/2026,Dimanche,Digital 21h,01-27-14-47-58,78-32-03-17-28
29/03/2026,Dimanche,Digital 22h,75-48-58-37-33,49-35-67-11-74
29/03/2026,Dimanche,Digital 23h,13-19-29-85-45,40-56-30-73-74
29/03/2026,Dimanche,Benediction,81-16-13-34-01,80-32-79-69-61
29/03/2026,Dimanche,Prestige,04-16-35-18-23,79-50-66-44-07
29/03/2026,Dimanche,Awale,59-51-86-85-58,41-43-44-18-45
29/03/2026,Dimanche,Afterwork,85-88-66-15-56,01-90-77-04-55
29/03/2026,Dimanche,Espoir,79-52-34-63-70,58-76-38-50-84
28/03/2026,Samedi,Special Weekend 1h,55-48-35-77-37,61-45-04-63-05
28/03/2026,Samedi,Special Weekend 3h,27-88-51-33-02,58-55-90-47-46
28/03/2026,Samedi,Digital Reveil 7h,22-19-75-82-26,84-51-06-18-53
28/03/2026,Samedi,Digital Reveil 8h,20-43-18-85-03,84-77-28-57-24
28/03/2026,Samedi,Digital 21h,39-13-41-14-81,24-17-28-79-60
28/03/2026,Samedi,Digital 22h,50-51-44-24-14,02-73-53-67-43
28/03/2026,Samedi,Digital 23h,47-29-20-74-68,51-80-33-50-84
28/03/2026,Samedi,Soutra,23-27-35-61-55,38-24-84-51-87
28/03/2026,Samedi,Diamant,89-23-77-42-48,03-78-17-47-44
28/03/2026,Samedi,Moaye,16-26-20-08-47,12-27-46-82-79
28/03/2026,Samedi,Afterwork,43-39-21-67-06,58-73-74-63-65
28/03/2026,Samedi,National,32-66-17-47-24,
27/03/2026,Vendredi,Digital Reveil 7h,89-09-19-52-12,54-03-63-67-81
27/03/2026,Vendredi,Digital Reveil 8h,49-05-24-07-77,45-52-81-19-43
27/03/2026,Vendredi,Digital 21h,85-36-04-80-90,61-03-07-30-76
27/03/2026,Vendredi,Digital 22h,01-56-10-66-51,68-72-34-69-38
27/03/2026,Vendredi,Digital 23h,20-69-45-57-86,79-06-11-01-36
27/03/2026,Vendredi,Cash,38-58-27-11-36,69-64-19-63-88
27/03/2026,Vendredi,Solution,86-15-65-47-75,31-90-03-57-25
27/03/2026,Vendredi,Wari,42-33-53-45-90,51-15-20-36-02
27/03/2026,Vendredi,Afterwork,06-36-87-33-61,37-04-88-14-01
27/03/2026,Vendredi,Friday Bonanza,43-33-23-11-09,
26/03/2026,Jeudi,Digital Reveil 7h,03-64-21-12-33,82-40-70-04-89
26/03/2026,Jeudi,Digital Reveil 8h,46-84-54-83-15,05-50-19-13-70
26/03/2026,Jeudi,Digital 21h,52-29-15-18-62,87-86-57-80-08
26/03/2026,Jeudi,Digital 22h,59-56-29-20-40,36-88-62-03-08
26/03/2026,Jeudi,Digital 23h,36-79-81-25-15,13-52-41-68-28
26/03/2026,Jeudi,Kado,52-07-62-26-14,18-82-60-47-28
26/03/2026,Jeudi,Privilege,05-04-17-57-07,67-19-50-62-70
26/03/2026,Jeudi,Monni,24-23-82-37-64,35-86-34-75-69
26/03/2026,Jeudi,Afterwork,52-71-35-23-90,64-88-76-75-68
26/03/2026,Jeudi,Fortune Thursday,62-82-55-26-35,
25/03/2026,Mercredi,Digital Reveil 7h,79-13-34-30-65,28-78-26-25-22
25/03/2026,Mercredi,Digital Reveil 8h,69-77-15-60-37,54-21-38-31-03
25/03/2026,Mercredi,Digital 21h,33-83-34-14-90,57-07-17-39-43
25/03/2026,Mercredi,Digital 22h,72-18-80-81-60,34-64-85-50-31
25/03/2026,Mercredi,Digital 23h,59-14-04-47-11,09-13-54-66-52
25/03/2026,Mercredi,Premiere Heure,27-63-88-83-07,77-15-22-35-58
25/03/2026,Mercredi,Fortune,40-84-09-86-38,08-73-14-68-59
25/03/2026,Mercredi,Baraka,89-67-78-46-62,80-53-55-50-07
25/03/2026,Mercredi,Afterwork,85-65-32-09-69,70-37-15-78-82
25/03/2026,Mercredi,Midweek,24-19-07-56-29,
24/03/2026,Mardi,Digital Reveil 7h,31-11-62-60-61,86-44-65-13-87
24/03/2026,Mardi,Digital Reveil 8h,36-42-64-83-28,29-88-31-72-63
24/03/2026,Mardi,Digital 21h,29-64-36-22-90,26-87-19-24-85
24/03/2026,Mardi,Digital 22h,49-67-86-90-70,53-12-10-33-04
24/03/2026,Mardi,Digital 23h,75-46-08-66-87,10-48-47-61-43
24/03/2026,Mardi,La Matinale,84-11-17-63-64,15-60-80-53-65
24/03/2026,Mardi,Emergence,47-74-23-05-63,44-55-15-57-48
24/03/2026,Mardi,Sika,42-10-07-54-51,78-73-61-02-27
24/03/2026,Mardi,Afterwork,82-55-34-45-84,37-60-44-83-40
24/03/2026,Mardi,Lucky Tuesday,58-70-52-87-16,
23/03/2026,Lundi,Digital Reveil 7h,36-88-55-79-58,76-06-38-19-12
23/03/2026,Lundi,Digital Reveil 8h,22-52-70-16-36,10-55-83-03-48
23/03/2026,Lundi,Digital 21h,42-13-63-20-61,44-47-73-76-50
23/03/2026,Lundi,Digital 22h,11-72-05-02-82,60-35-55-23-85
23/03/2026,Lundi,Digital 23h,16-26-73-71-09,40-34-35-87-50
23/03/2026,Lundi,Reveil,34-79-54-26-82,25-76-90-78-72
23/03/2026,Lundi,Etoile,03-29-38-64-11,15-06-08-67-48
23/03/2026,Lundi,Akwaba,67-84-68-90-44,53-20-65-69-54
23/03/2026,Lundi,Afterwork,24-36-89-43-50,80-78-41-23-53
22/03/2026,Dimanche,Special Weekend 1h,55-73-43-01-32,22-51-09-19-57
22/03/2026,Dimanche,Special Weekend 3h,01-82-33-11-57,63-46-24-83-31
22/03/2026,Dimanche,Digital Reveil 7h,11-65-73-46-66,01-63-42-75-52
22/03/2026,Dimanche,Digital Reveil 8h,48-21-19-26-74,36-45-46-13-88
22/03/2026,Dimanche,Digital 21h,32-03-23-34-72,25-83-65-78-82
22/03/2026,Dimanche,Digital 22h,86-01-03-10-45,65-34-04-26-28
22/03/2026,Dimanche,Digital 23h,29-37-53-27-30,12-68-69-40-86
22/03/2026,Dimanche,Benediction,68-55-26-21-78,53-25-73-86-07
22/03/2026,Dimanche,Prestige,30-50-68-82-46,53-23-86-81-35
22/03/2026,Dimanche,Awale,69-75-82-88-42,12-31-57-45-43
22/03/2026,Dimanche,Afterwork,51-66-29-68-61,62-05-35-52-04
22/03/2026,Dimanche,Espoir,22-67-24-52-16,27-38-59-44-26
21/03/2026,Samedi,Special Weekend 1h,83-50-53-08-30,72-32-80-33-87
21/03/2026,Samedi,Special Weekend 3h,78-23-63-89-30,87-37-08-50-15
21/03/2026,Samedi,Digital Reveil 7h,44-51-70-69-14,25-37-54-02-29
21/03/2026,Samedi,Digital Reveil 8h,01-27-60-56-10,06-43-11-14-90
21/03/2026,Samedi,Digital 21h,83-42-52-08-06,51-44-81-66-69
21/03/2026,Samedi,Digital 22h,02-07-85-01-19,28-36-34-11-50
21/03/2026,Samedi,Digital 23h,05-45-63-34-86,10-13-90-62-08
21/03/2026,Samedi,Soutra,27-37-51-12-53,07-16-57-02-40
21/03/2026,Samedi,Diamant,25-77-18-81-29,56-23-82-50-70
21/03/2026,Samedi,Moaye,48-17-90-59-05,58-53-49-75-82
21/03/2026,Samedi,Afterwork,35-28-27-32-41,36-78-18-48-46
21/03/2026,Samedi,National,09-75-08-86-24,
20/03/2026,Vendredi,Digital Reveil 7h,75-58-03-27-66,49-45-90-37-36
20/03/2026,Vendredi,Digital Reveil 8h,81-38-44-32-12,59-14-19-23-40
20/03/2026,Vendredi,Digital 21h,54-60-37-58-20,66-23-06-19-36
20/03/2026,Vendredi,Digital 22h,12-02-69-29-35,66-01-59-16-09
20/03/2026,Vendredi,Digital 23h,58-53-40-81-27,30-10-23-79-80
20/03/2026,Vendredi,Cash,77-58-89-63-59,31-73-52-41-40
20/03/2026,Vendredi,Solution,75-44-87-01-56,51-81-85-02-12
20/03/2026,Vendredi,Wari,27-43-63-09-33,26-05-79-23-11
20/03/2026,Vendredi,Afterwork,86-31-20-75-21,35-87-06-03-51
20/03/2026,Vendredi,Day Off,20-05-58-36-74,69-83-77-37-28
19/03/2026,Jeudi,Digital Reveil 7h,36-66-71-20-07,40-52-84-43-13
19/03/2026,Jeudi,Digital Reveil 8h,37-45-86-85-41,19-88-73-32-06
19/03/2026,Jeudi,Digital 21h,18-13-51-65-25,83-10-72-68-77
19/03/2026,Jeudi,Digital 22h,88-07-14-25-01,67-82-02-39-80
19/03/2026,Jeudi,Digital 23h,06-67-56-03-84,37-29-20-08-88
19/03/2026,Jeudi,Kado,68-87-12-48-53,80-34-63-29-10
19/03/2026,Jeudi,Privilege,89-57-59-18-31,06-12-34-27-30
19/03/2026,Jeudi,Monni,18-45-29-47-90,54-79-75-16-27
19/03/2026,Jeudi,Afterwork,47-36-33-69-35,19-74-20-50-56
19/03/2026,Jeudi,Fortune Thursday,49-77-80-81-65,
18/03/2026,Mercredi,Digital Reveil 7h,46-29-11-44-10,25-78-56-77-05
18/03/2026,Mercredi,Digital Reveil 8h,50-34-11-71-37,84-48-32-58-65
18/03/2026,Mercredi,Digital 21h,17-80-20-31-19,28-63-13-34-65
18/03/2026,Mercredi,Digital 22h,17-31-51-52-20,26-64-48-87-86
18/03/2026,Mercredi,Digital 23h,37-52-25-72-84,23-10-29-43-89
18/03/2026,Mercredi,Premiere Heure,54-19-51-48-21,56-76-50-55-26
18/03/2026,Mercredi,Fortune,63-79-36-33-38,17-83-46-76-53
18/03/2026,Mercredi,Baraka,49-51-56-25-80,50-85-04-29-70
18/03/2026,Mercredi,Afterwork,64-59-14-31-37,17-19-12-06-22
18/03/2026,Mercredi,Midweek,60-37-65-90-09,
17/03/2026,Mardi,Digital Reveil 7h,88-76-50-80-17,83-07-81-68-36
17/03/2026,Mardi,Digital Reveil 8h,43-69-57-33-84,06-15-36-56-04
17/03/2026,Mardi,Digital 21h,62-12-53-76-85,18-88-37-26-44
17/03/2026,Mardi,Digital 22h,27-47-82-42-16,85-65-30-77-55
17/03/2026,Mardi,Digital 23h,09-70-56-47-14,84-22-75-39-23
17/03/2026,Mardi,La Matinale,62-60-54-89-51,78-76-19-66-03
17/03/2026,Mardi,Emergence,27-17-44-09-18,31-61-30-77-15
17/03/2026,Mardi,Sika,08-59-32-23-35,61-81-02-12-37
17/03/2026,Mardi,Afterwork,37-44-87-82-77,31-11-27-59-14
17/03/2026,Mardi,Lucky Tuesday,62-25-08-10-34,
16/03/2026,Lundi,Digital Reveil 7h,84-88-58-36-31,22-63-01-08-07
16/03/2026,Lundi,Digital Reveil 8h,79-64-59-19-66,04-02-77-14-52
16/03/2026,Lundi,Digital 21h,03-23-10-45-55,43-53-81-15-58
16/03/2026,Lundi,Digital 22h,17-19-73-14-83,06-39-32-31-11
16/03/2026,Lundi,Digital 23h,80-73-35-64-87,44-11-38-77-88
16/03/2026,Lundi,Reveil,81-32-42-13-37,90-83-41-10-79
16/03/2026,Lundi,Etoile,04-32-47-28-83,80-67-76-07-38
16/03/2026,Lundi,Akwaba,84-44-85-33-76,18-50-60-23-26
16/03/2026,Lundi,Afterwork,61-04-44-75-12,11-43-36-22-34
16/03/2026,Lundi,Monday Special,23-30-17-85-22,
15/03/2026,Dimanche,Special Weekend 1h,11-62-42-79-65,48-46-45-09-90
15/03/2026,Dimanche,Special Weekend 3h,35-25-32-11-14,29-05-07-86-87
15/03/2026,Dimanche,Digital Reveil 7h,58-67-76-22-15,29-83-70-43-28
15/03/2026,Dimanche,Digital Reveil 8h,47-02-27-57-50,11-10-15-21-65
15/03/2026,Dimanche,Digital 21h,01-66-46-24-12,87-41-19-59-10
15/03/2026,Dimanche,Digital 22h,46-51-26-90-13,21-65-76-37-55
15/03/2026,Dimanche,Digital 23h,44-85-71-25-41,15-05-52-56-39
15/03/2026,Dimanche,Benediction,77-40-68-15-17,60-41-82-57-74
15/03/2026,Dimanche,Prestige,22-32-31-68-53,69-05-34-57-67
15/03/2026,Dimanche,Awale,71-27-55-23-80,34-67-64-09-04
15/03/2026,Dimanche,Espoir,74-46-64-50-52,45-32-36-75-89
14/03/2026,Samedi,Special Weekend 1h,20-78-12-23-59,11-15-30-36-45
14/03/2026,Samedi,Special Weekend 3h,65-14-62-63-81,37-45-82-05-84
14/03/2026,Samedi,Digital Reveil 7h,13-82-63-54-03,61-85-15-27-25
14/03/2026,Samedi,Digital Reveil 8h,83-23-68-13-32,79-38-41-14-56
14/03/2026,Samedi,Digital 21h,29-01-37-14-45,55-36-86-87-12
14/03/2026,Samedi,Digital 22h,29-62-72-59-33,12-49-67-58-39
14/03/2026,Samedi,Digital 23h,04-43-88-08-01,10-48-20-31-13
14/03/2026,Samedi,Soutra,40-04-41-86-65,17-01-22-59-36
14/03/2026,Samedi,Diamant,79-20-52-82-58,27-62-69-18-04
14/03/2026,Samedi,Moaye,36-60-31-90-34,08-80-22-84-76
14/03/2026,Samedi,Afterwork,15-66-41-09-39,46-72-63-79-56
14/03/2026,Samedi,National,01-42-12-20-64,
13/03/2026,Vendredi,Digital Reveil 7h,51-02-34-79-65,01-04-76-90-70
13/03/2026,Vendredi,Digital Reveil 8h,52-44-32-07-77,04-48-65-10-81
13/03/2026,Vendredi,Digital 21h,21-11-58-85-34,35-30-50-78-02
13/03/2026,Vendredi,Digital 22h,40-81-65-42-61,59-17-55-13-57
13/03/2026,Vendredi,Digital 23h,74-79-44-48-53,11-26-30-21-65
13/03/2026,Vendredi,Cash,60-71-35-73-12,22-57-05-41-54
13/03/2026,Vendredi,Solution,42-34-60-22-02,37-79-85-15-35
13/03/2026,Vendredi,Wari,77-50-39-72-26,82-81-12-87-69
13/03/2026,Vendredi,Afterwork,80-15-02-30-19,05-36-82-09-06
13/03/2026,Vendredi,Friday Bonanza,18-77-83-17-21,
12/03/2026,Jeudi,Digital Reveil 7h,33-76-78-26-08,19-22-85-41-88
12/03/2026,Jeudi,Digital Reveil 8h,23-06-89-48-16,19-67-01-10-32
12/03/2026,Jeudi,Digital 21h,83-10-03-43-14,38-12-66-41-60
12/03/2026,Jeudi,Digital 22h,30-81-49-40-10,61-84-01-68-16
12/03/2026,Jeudi,Digital 23h,35-28-89-75-07,01-18-44-32-77
12/03/2026,Jeudi,Kado,60-87-45-02-41,86-82-34-26-36
12/03/2026,Jeudi,Privilege,53-52-31-35-69,44-48-81-73-38
12/03/2026,Jeudi,Monni,78-34-21-29-73,17-90-54-53-03
12/03/2026,Jeudi,Afterwork,44-06-45-10-83,50-26-39-32-49
12/03/2026,Jeudi,Fortune Thursday,29-40-44-22-84,
11/03/2026,Mercredi,Digital Reveil 7h,40-46-05-71-59,31-03-50-83-19
11/03/2026,Mercredi,Digital Reveil 8h,36-06-46-55-59,08-19-39-67-22
11/03/2026,Mercredi,Digital 21h,01-72-90-19-08,38-14-45-75-76
11/03/2026,Mercredi,Digital 22h,24-26-62-76-48,65-56-25-89-41
11/03/2026,Mercredi,Digital 23h,09-25-87-27-55,44-16-12-24-41
11/03/2026,Mercredi,Premiere Heure,17-62-05-44-37,41-26-15-22-13
11/03/2026,Mercredi,Fortune,41-71-76-90-30,04-64-45-28-82
11/03/2026,Mercredi,Baraka,04-78-62-74-52,82-80-42-66-34
11/03/2026,Mercredi,Afterwork,81-04-45-76-88,49-69-52-87-61
11/03/2026,Mercredi,Midweek,36-65-32-80-46,
10/03/2026,Mardi,Digital Reveil 7h,22-80-48-33-18,86-79-38-82-81
10/03/2026,Mardi,Digital Reveil 8h,03-63-35-88-71,24-02-87-49-32
10/03/2026,Mardi,Digital 21h,57-35-02-27-10,01-25-90-51-23
10/03/2026,Mardi,Digital 22h,35-13-88-27-58,62-85-80-79-23
10/03/2026,Mardi,Digital 23h,77-30-22-64-78,51-33-14-76-42
10/03/2026,Mardi,La Matinale,80-64-37-79-53,68-04-50-22-74
10/03/2026,Mardi,Emergence,87-02-10-88-47,04-42-09-48-03
10/03/2026,Mardi,Sika,44-87-10-78-60,28-52-65-29-20
10/03/2026,Mardi,Afterwork,88-84-89-49-60,20-54-85-01-83
10/03/2026,Mardi,Lucky Tuesday,14-48-27-64-15,
09/03/2026,Lundi,Digital Reveil 7h,27-02-86-18-19,70-58-03-72-71
09/03/2026,Lundi,Digital Reveil 8h,55-56-65-43-30,08-89-09-66-18
09/03/2026,Lundi,Digital 21h,21-29-39-75-40,44-67-72-74-25
09/03/2026,Lundi,Digital 22h,77-16-81-04-48,29-11-68-21-85
09/03/2026,Lundi,Digital 23h,71-58-69-14-54,12-24-88-05-45
09/03/2026,Lundi,Reveil,50-62-44-67-73,54-45-20-03-39
09/03/2026,Lundi,Etoile,47-40-34-67-55,48-63-03-53-86
09/03/2026,Lundi,Akwaba,84-15-51-44-74,69-72-52-50-19
09/03/2026,Lundi,Afterwork,41-67-57-05-89,10-07-21-73-45
09/03/2026,Lundi,Monday Special,67-06-34-17-28,
08/03/2026,Dimanche,Special Weekend 1h,02-05-44-20-58,51-83-48-45-25
08/03/2026,Dimanche,Special Weekend 3h,15-05-33-85-78,48-24-73-19-61
08/03/2026,Dimanche,Digital Reveil 7h,80-37-22-65-31,72-67-85-44-19
08/03/2026,Dimanche,Digital Reveil 8h,69-38-49-72-55,85-54-76-08-31
08/03/2026,Dimanche,Digital 21h,15-52-81-76-82,50-87-79-14-73
08/03/2026,Dimanche,Digital 22h,74-78-31-66-65,23-17-46-14-04
08/03/2026,Dimanche,Digital 23h,49-89-32-41-19,05-39-80-69-85
08/03/2026,Dimanche,Benediction,77-02-43-05-87,49-04-37-74-84
08/03/2026,Dimanche,Prestige,90-72-16-25-27,43-03-88-80-15
08/03/2026,Dimanche,Awale,37-08-84-25-41,54-62-19-16-67
08/03/2026,Dimanche,Espoir,71-44-18-02-12,70-65-77-69-78
07/03/2026,Samedi,Special Weekend 1h,37-66-68-24-18,33-34-71-83-75
07/03/2026,Samedi,Special Weekend 3h,32-48-20-36-03,56-61-53-50-46
07/03/2026,Samedi,Digital Reveil 7h,88-75-68-32-62,58-25-53-50-26
07/03/2026,Samedi,Digital Reveil 8h,39-43-89-69-45,60-67-33-65-80
07/03/2026,Samedi,Digital 21h,66-70-83-88-19,35-56-23-79-02
07/03/2026,Samedi,Digital 22h,12-57-58-02-56,78-88-32-31-89
07/03/2026,Samedi,Digital 23h,64-17-73-65-62,12-82-70-39-19
07/03/2026,Samedi,Soutra,55-41-18-23-42,75-56-48-04-65
07/03/2026,Samedi,Diamant,16-38-32-21-75,76-09-46-53-82
07/03/2026,Samedi,Moaye,45-21-54-70-35,55-90-82-28-74
07/03/2026,Samedi,Afterwork,24-60-74-88-46,50-65-62-81-80
07/03/2026,Samedi,National,50-09-34-33-25,
06/03/2026,Vendredi,Digital Reveil 7h,90-28-50-40-49,05-06-63-47-71
06/03/2026,Vendredi,Digital Reveil 8h,82-57-73-35-43,44-06-09-24-15
06/03/2026,Vendredi,Digital 21h,31-33-51-72-07,15-11-38-78-16
06/03/2026,Vendredi,Digital 22h,85-38-67-84-48,39-46-54-13-45
06/03/2026,Vendredi,Digital 23h,45-71-38-76-02,42-34-24-14-82
06/03/2026,Vendredi,Cash,70-49-01-24-51,54-43-64-52-40
06/03/2026,Vendredi,Solution,37-24-46-30-36,02-38-53-19-56
06/03/2026,Vendredi,Wari,85-76-35-71-41,09-66-40-30-56
06/03/2026,Vendredi,Afterwork,13-38-74-07-82,52-58-66-88-15
06/03/2026,Vendredi,Day Off,57-84-53-29-25,78-09-71-24-18
05/03/2026,Jeudi,Digital Reveil 7h,12-22-62-44-13,34-03-25-66-39
05/03/2026,Jeudi,Digital Reveil 8h,34-78-67-08-28,84-33-73-22-68
05/03/2026,Jeudi,Digital 21h,50-04-23-89-53,69-78-77-41-16
05/03/2026,Jeudi,Digital 22h,66-36-06-15-09,65-55-27-11-86
05/03/2026,Jeudi,Digital 23h,45-68-10-66-17,46-11-34-51-05
05/03/2026,Jeudi,Kado,71-01-79-19-48,22-62-65-80-85
05/03/2026,Jeudi,Privilege,61-20-42-09-58,52-43-80-49-17
05/03/2026,Jeudi,Monni,32-74-08-46-71,88-02-01-31-64
05/03/2026,Jeudi,Afterwork,47-21-35-25-14,61-52-73-82-40
05/03/2026,Jeudi,Fortune Thursday,22-13-86-53-57,
04/03/2026,Mercredi,Digital Reveil 7h,21-08-38-03-73,68-65-04-44-87
04/03/2026,Mercredi,Digital Reveil 8h,64-66-79-36-08,52-69-76-82-13
04/03/2026,Mercredi,Digital 21h,27-15-19-83-11,24-61-26-22-80
04/03/2026,Mercredi,Digital 22h,04-65-10-66-88,83-15-43-77-36
04/03/2026,Mercredi,Digital 23h,06-36-14-38-19,33-05-86-12-01
04/03/2026,Mercredi,Premiere Heure,47-60-90-56-88,69-36-35-79-89
04/03/2026,Mercredi,Fortune,63-38-54-70-51,72-75-48-21-16
04/03/2026,Mercredi,Baraka,88-43-62-16-07,90-37-25-64-73
04/03/2026,Mercredi,Afterwork,12-37-35-47-38,43-70-49-61-39
04/03/2026,Mercredi,Midweek,24-59-03-54-06,
03/03/2026,Mardi,Digital Reveil 7h,02-06-40-80-08,83-53-51-32-14
03/03/2026,Mardi,Digital Reveil 8h,16-02-78-01-58,59-35-44-27-38
03/03/2026,Mardi,Digital 21h,29-50-74-77-83,19-70-75-62-54
03/03/2026,Mardi,Digital 22h,45-71-31-39-54,69-16-28-87-04
03/03/2026,Mardi,Digital 23h,40-64-65-83-51,46-88-81-87-49
03/03/2026,Mardi,La Matinale,10-54-16-85-62,05-12-69-27-87
03/03/2026,Mardi,Emergence,25-71-23-56-17,38-58-28-53-48
03/03/2026,Mardi,Sika,12-85-89-65-64,84-17-49-54-31
03/03/2026,Mardi,Afterwork,79-59-65-27-11,03-04-07-74-40
03/03/2026,Mardi,Lucky Tuesday,55-26-36-72-14,
02/03/2026,Lundi,Digital Reveil 7h,74-29-87-79-49,58-27-05-41-03
02/03/2026,Lundi,Digital Reveil 8h,79-25-47-88-01,60-17-72-15-20
02/03/2026,Lundi,Digital 21h,74-90-04-54-75,63-13-48-51-81
02/03/2026,Lundi,Digital 22h,48-05-01-16-89,77-85-80-52-87
02/03/2026,Lundi,Digital 23h,59-63-33-13-47,34-71-14-41-51
02/03/2026,Lundi,Reveil,18-66-24-45-88,37-63-10-41-08
02/03/2026,Lundi,Etoile,25-26-64-79-73,85-90-88-32-65
02/03/2026,Lundi,Akwaba,10-88-19-89-87,23-72-43-25-53
02/03/2026,Lundi,Afterwork,23-39-42-75-33,04-89-65-09-86
02/03/2026,Lundi,Monday Special,86-58-49-45-55,
01/03/2026,Dimanche,Special Weekend 1h,90-87-30-71-05,58-26-41-33-88
01/03/2026,Dimanche,Special Weekend 3h,59-22-89-17-25,38-11-65-88-39
01/03/2026,Dimanche,Digital Reveil 7h,11-06-26-43-88,63-47-54-24-09
01/03/2026,Dimanche,Digital Reveil 8h,07-47-37-28-89,01-78-21-18-85
01/03/2026,Dimanche,Digital 21h,10-37-19-75-23,06-47-79-89-65
01/03/2026,Dimanche,Digital 22h,39-78-19-64-45,68-63-86-27-37
01/03/2026,Dimanche,Digital 23h,18-43-55-56-90,65-89-42-75-78
01/03/2026,Dimanche,Benediction,66-28-63-44-68,72-19-54-83-32
01/03/2026,Dimanche,Prestige,02-64-39-37-66,44-27-86-52-01
01/03/2026,Dimanche,Awale,53-15-30-69-41,49-01-17-12-89
01/03/2026,Dimanche,Afterwork,44-19-51-24-65,31-23-30-36-14
01/03/2026,Dimanche,Espoir,29-18-54-86-16,63-89-02-77-37
28/02/2026,Samedi,Special Weekend 1h,67-61-25-14-86,72-83-52-70-28
28/02/2026,Samedi,Special Weekend 3h,50-61-08-54-36,48-53-72-52-25
28/02/2026,Samedi,Digital Reveil 7h,20-34-80-08-79,33-62-18-58-12
28/02/2026,Samedi,Digital Reveil 8h,55-25-56-49-08,46-83-07-40-75
28/02/2026,Samedi,Digital 21h,18-37-33-21-40,58-07-82-83-19
28/02/2026,Samedi,Digital 22h,65-20-83-09-41,90-37-59-82-78
28/02/2026,Samedi,Digital 23h,41-37-74-77-75,08-10-26-50-11
28/02/2026,Samedi,Soutra,76-34-22-90-52,81-74-32-73-45
28/02/2026,Samedi,Diamant,48-47-64-90-30,76-26-63-53-20
28/02/2026,Samedi,Moaye,26-42-19-34-11,80-60-67-74-02
28/02/2026,Samedi,National,90-73-53-84-77,
27/02/2026,Vendredi,Digital Reveil 7h,67-39-51-71-70,88-28-58-60-57
27/02/2026,Vendredi,Digital Reveil 8h,28-41-44-87-78,63-25-67-79-60
27/02/2026,Vendredi,Digital 21h,58-39-53-81-16,32-22-52-59-62
27/02/2026,Vendredi,Digital 22h,52-84-15-48-37,89-42-24-45-70
27/02/2026,Vendredi,Digital 23h,06-52-73-47-46,41-89-70-27-76
27/02/2026,Vendredi,Cash,15-17-75-49-11,84-63-41-07-48
27/02/2026,Vendredi,Solution,17-58-45-66-26,32-23-46-71-80
27/02/2026,Vendredi,Wari,47-48-42-56-88,07-62-54-45-40
27/02/2026,Vendredi,Friday Bonanza,12-46-08-84-15,
26/02/2026,Jeudi,Digital Reveil 7h,59-22-47-32-66,35-29-61-49-80
26/02/2026,Jeudi,Digital Reveil 8h,06-19-89-05-26,57-84-40-41-28
26/02/2026,Jeudi,Digital 21h,60-22-57-77-72,02-90-82-42-31
26/02/2026,Jeudi,Digital 22h,69-16-77-76-85,42-23-02-79-18
26/02/2026,Jeudi,Digital 23h,75-62-52-27-55,06-37-18-49-41
26/02/2026,Jeudi,Kado,76-47-17-69-11,13-72-29-16-49
26/02/2026,Jeudi,Privilege,77-88-30-19-83,76-04-55-38-02
26/02/2026,Jeudi,Monni,43-42-44-12-14,74-25-28-15-34
26/02/2026,Jeudi,Fortune Thursday,54-73-63-26-37,
25/02/2026,Mercredi,Digital Reveil 7h,14-17-24-52-22,23-56-47-36-79
25/02/2026,Mercredi,Digital Reveil 8h,33-90-37-46-51,76-23-59-21-78
25/02/2026,Mercredi,Digital 21h,59-41-06-49-17,75-60-87-51-44
25/02/2026,Mercredi,Digital 22h,11-73-63-55-28,49-22-79-59-50
25/02/2026,Mercredi,Digital 23h,37-63-46-84-26,56-83-87-25-01
25/02/2026,Mercredi,Premiere Heure,39-79-08-53-09,06-35-43-87-82
25/02/2026,Mercredi,Fortune,28-57-73-84-02,05-38-85-72-18
25/02/2026,Mercredi,Baraka,30-02-20-84-04,79-82-85-29-80
25/02/2026,Mercredi,Midweek,15-39-11-03-44,
24/02/2026,Mardi,Digital Reveil 7h,22-90-68-76-31,57-78-52-21-02
24/02/2026,Mardi,Digital Reveil 8h,58-46-22-23-26,36-25-88-13-72
24/02/2026,Mardi,Digital 21h,85-24-51-16-44,64-56-48-58-18
24/02/2026,Mardi,Digital 22h,63-68-85-37-21,58-10-41-71-04
24/02/2026,Mardi,Digital 23h,69-70-52-51-76,88-09-72-05-13
24/02/2026,Mardi,La Matinale,90-76-31-25-86,85-19-70-24-80
24/02/2026,Mardi,Emergence,55-28-02-18-03,26-12-73-48-69
24/02/2026,Mardi,Sika,12-64-31-87-21,50-22-32-76-72
24/02/2026,Mardi,Lucky Tuesday,40-07-88-75-53,
23/02/2026,Lundi,Digital Reveil 7h,26-36-61-78-14,68-01-35-09-87
23/02/2026,Lundi,Digital Reveil 8h,53-06-26-09-46,57-30-67-45-48
23/02/2026,Lundi,Digital 21h,34-74-25-55-78,57-32-79-62-68
23/02/2026,Lundi,Digital 22h,30-50-44-19-90,03-21-69-23-05
23/02/2026,Lundi,Digital 23h,51-44-72-70-17,65-55-11-32-81
23/02/2026,Lundi,Reveil,23-45-21-29-24,11-66-37-49-01
23/02/2026,Lundi,Etoile,72-28-71-78-19,75-46-80-63-02
23/02/2026,Lundi,Akwaba,69-87-18-11-89,43-22-73-19-12
23/02/2026,Lundi,Monday Special,06-87-20-39-80,
22/02/2026,Dimanche,Special Weekend 1h,03-83-16-26-59,89-78-70-52-41
22/02/2026,Dimanche,Special Weekend 3h,26-60-40-06-86,87-29-45-01-55
22/02/2026,Dimanche,Digital Reveil 7h,36-11-23-78-76,59-54-28-73-06
22/02/2026,Dimanche,Digital Reveil 8h,19-59-27-07-11,37-25-23-85-36
22/02/2026,Dimanche,Digital 21h,38-56-61-68-69,30-48-45-87-40
22/02/2026,Dimanche,Digital 22h,76-24-64-22-27,08-60-44-89-29
22/02/2026,Dimanche,Digital 23h,66-49-54-85-30,20-60-70-27-59
22/02/2026,Dimanche,Benediction,37-35-83-30-23,36-86-45-34-17
22/02/2026,Dimanche,Prestige,46-86-02-04-44,06-21-37-30-28
22/02/2026,Dimanche,Awale,71-30-19-53-44,26-47-25-38-90
22/02/2026,Dimanche,Espoir,53-25-46-01-38,02-68-47-69-34
21/02/2026,Samedi,Special Weekend 1h,68-90-28-84-48,81-23-73-01-70
21/02/2026,Samedi,Special Weekend 3h,40-48-69-53-84,68-55-24-39-11
21/02/2026,Samedi,Digital Reveil 7h,43-10-54-59-77,81-49-21-84-75
21/02/2026,Samedi,Digital Reveil 8h,34-56-86-74-75,12-33-19-01-76
21/02/2026,Samedi,Digital 21h,83-21-54-52-81,68-61-27-16-84
21/02/2026,Samedi,Digital 22h,47-70-13-82-23,62-71-49-84-81
21/02/2026,Samedi,Digital 23h,03-11-55-81-71,78-76-64-21-26
21/02/2026,Samedi,Soutra,69-27-89-28-16,10-32-38-51-23
21/02/2026,Samedi,Diamant,62-84-82-08-87,35-10-22-79-16
21/02/2026,Samedi,Moaye,35-71-53-40-16,15-01-03-17-33
21/02/2026,Samedi,National,05-14-29-56-51,
20/02/2026,Vendredi,Digital Reveil 7h,58-27-82-63-16,21-77-79-18-03
20/02/2026,Vendredi,Digital Reveil 8h,46-47-79-59-67,75-18-53-58-22
20/02/2026,Vendredi,Digital 21h,43-86-66-32-31,27-19-69-76-33
20/02/2026,Vendredi,Digital 22h,53-12-19-83-24,21-08-84-80-77
20/02/2026,Vendredi,Digital 23h,60-32-78-54-50,02-63-44-77-06
20/02/2026,Vendredi,Cash,11-81-13-53-70,46-48-51-41-35
20/02/2026,Vendredi,Solution,71-87-82-19-56,70-44-69-80-51
20/02/2026,Vendredi,Wari,18-32-46-05-51,63-80-68-19-74
20/02/2026,Vendredi,Friday Bonanza,42-82-11-25-55,
19/02/2026,Jeudi,Digital Reveil 7h,08-27-87-86-49,15-17-66-41-03
19/02/2026,Jeudi,Digital Reveil 8h,14-12-80-31-51,43-04-37-58-67
19/02/2026,Jeudi,Digital 21h,58-56-65-81-84,33-59-16-46-04
19/02/2026,Jeudi,Digital 22h,55-47-08-64-25,19-71-79-35-16
19/02/2026,Jeudi,Digital 23h,37-03-09-49-52,76-78-22-43-57
19/02/2026,Jeudi,Kado,57-32-72-18-87,11-43-06-63-38
19/02/2026,Jeudi,Privilege,50-87-24-22-37,07-57-19-17-85
19/02/2026,Jeudi,Monni,22-53-39-80-52,20-85-30-08-27
19/02/2026,Jeudi,Fortune Thursday,75-04-46-12-02,
18/02/2026,Mercredi,Digital Reveil 7h,66-86-06-59-48,39-76-28-26-15
18/02/2026,Mercredi,Digital Reveil 8h,43-03-07-76-47,15-55-69-44-88
18/02/2026,Mercredi,Digital 21h,22-40-63-42-51,78-17-66-29-15
18/02/2026,Mercredi,Digital 22h,61-63-46-15-14,47-37-87-27-02
18/02/2026,Mercredi,Digital 23h,14-24-72-79-42,62-88-46-08-06
18/02/2026,Mercredi,Premiere Heure,75-43-30-68-34,19-37-48-46-08
18/02/2026,Mercredi,Fortune,76-07-11-29-39,47-40-20-35-34
18/02/2026,Mercredi,Baraka,30-16-47-22-25,89-71-11-84-56
18/02/2026,Mercredi,Midweek,01-80-75-79-13,
17/02/2026,Mardi,Digital Reveil 7h,36-79-63-11-71,54-84-35-07-37
17/02/2026,Mardi,Digital Reveil 8h,88-24-15-55-69,21-62-07-51-53
17/02/2026,Mardi,Digital 21h,04-31-15-88-62,84-42-44-56-81
17/02/2026,Mardi,Digital 22h,80-58-84-15-41,14-45-69-49-90
17/02/2026,Mardi,Digital 23h,35-56-42-28-83,14-64-33-41-72
17/02/2026,Mardi,La Matinale,56-85-14-75-60,11-48-49-80-89
17/02/2026,Mardi,Emergence,06-65-21-19-16,40-07-13-02-22
17/02/2026,Mardi,Sika,87-68-30-81-19,63-18-76-29-83
17/02/2026,Mardi,Lucky Tuesday,61-64-48-59-79,
16/02/2026,Lundi,Digital Reveil 7h,87-16-06-23-09,83-48-22-40-84
16/02/2026,Lundi,Digital Reveil 8h,35-84-78-45-76,15-03-46-68-17
16/02/2026,Lundi,Digital 21h,01-27-74-87-56,04-59-06-36-14
16/02/2026,Lundi,Digital 22h,34-57-74-87-10,16-24-46-39-78
16/02/2026,Lundi,Digital 23h,39-48-35-16-27,88-19-64-55-07
16/02/2026,Lundi,Reveil,14-53-33-82-16,45-64-48-80-15
16/02/2026,Lundi,Etoile,42-70-45-33-35,63-11-73-66-18
16/02/2026,Lundi,Akwaba,61-31-02-57-87,12-10-28-38-82
16/02/2026,Lundi,Monday Special,34-05-22-69-72,
15/02/2026,Dimanche,Special Weekend 1h,62-13-16-33-15,80-31-78-12-61
15/02/2026,Dimanche,Special Weekend 3h,37-89-01-90-36,84-79-21-45-16
15/02/2026,Dimanche,Digital Reveil 7h,17-10-13-48-21,01-55-25-35-16
15/02/2026,Dimanche,Digital Reveil 8h,55-71-58-50-47,77-35-40-31-90
15/02/2026,Dimanche,Digital 21h,12-39-79-52-65,87-88-57-08-62
15/02/2026,Dimanche,Digital 22h,65-21-66-55-19,60-81-47-37-23
15/02/2026,Dimanche,Digital 23h,78-55-82-54-16,02-30-03-80-68
15/02/2026,Dimanche,Benediction,04-23-90-70-16,63-51-64-20-56
15/02/2026,Dimanche,Prestige,26-86-59-09-25,05-41-40-11-28
15/02/2026,Dimanche,Awale,43-73-03-67-42,01-17-08-60-27
15/02/2026,Dimanche,Espoir,90-36-67-62-18,29-41-71-53-16
14/02/2026,Samedi,Special Weekend 1h,22-68-31-18-24,10-16-45-83-04
14/02/2026,Samedi,Special Weekend 3h,38-80-89-47-68,73-18-28-57-23
14/02/2026,Samedi,Digital Reveil 7h,48-54-88-74-84,27-69-71-75-36
14/02/2026,Samedi,Digital Reveil 8h,42-84-21-74-10,64-22-16-60-83
14/02/2026,Samedi,Digital 21h,72-44-80-18-51,36-65-58-40-11
14/02/2026,Samedi,Digital 22h,13-89-81-30-15,87-44-02-01-82
14/02/2026,Samedi,Digital 23h,75-65-78-64-04,83-67-03-53-34
14/02/2026,Samedi,Soutra,63-33-61-76-24,80-02-71-72-39
14/02/2026,Samedi,Diamant,14-48-59-60-77,70-05-21-01-22
14/02/2026,Samedi,Moaye,76-47-52-61-13,88-31-06-71-44
14/02/2026,Samedi,National,13-16-15-11-71,
13/02/2026,Vendredi,Digital Reveil 7h,16-69-12-57-58,76-47-60-02-53
13/02/2026,Vendredi,Digital Reveil 8h,82-19-58-76-34,57-06-54-66-51
13/02/2026,Vendredi,Digital 21h,17-59-67-02-34,58-51-01-48-08
13/02/2026,Vendredi,Digital 22h,44-84-52-86-55,34-72-02-36-89
13/02/2026,Vendredi,Digital 23h,49-32-23-87-19,88-15-39-28-54
13/02/2026,Vendredi,Cash,86-45-26-58-52,38-57-14-81-47
13/02/2026,Vendredi,Solution,22-14-02-11-38,10-80-62-05-19
13/02/2026,Vendredi,Wari,38-11-06-17-57,20-35-50-71-76
13/02/2026,Vendredi,Friday Bonanza,77-55-60-85-01,
12/02/2026,Jeudi,Digital Reveil 7h,11-05-52-14-88,45-55-09-01-03
12/02/2026,Jeudi,Digital Reveil 8h,16-03-12-89-57,64-42-28-50-31
12/02/2026,Jeudi,Digital 21h,24-18-17-06-45,32-12-38-25-66
12/02/2026,Jeudi,Digital 22h,61-66-88-35-64,78-83-29-72-36
12/02/2026,Jeudi,Digital 23h,44-59-07-56-78,52-67-47-25-23
12/02/2026,Jeudi,Kado,40-26-19-65-43,57-42-08-50-75
12/02/2026,Jeudi,Privilege,40-76-15-13-35,18-81-78-45-86
12/02/2026,Jeudi,Monni,05-85-52-65-15,60-12-45-68-51
12/02/2026,Jeudi,Fortune Thursday,86-35-70-34-77,
11/02/2026,Mercredi,Digital Reveil 7h,79-44-25-76-15,31-28-77-34-05
11/02/2026,Mercredi,Digital Reveil 8h,27-11-82-39-75,07-16-84-65-51
11/02/2026,Mercredi,Digital 21h,57-54-36-30-28,31-58-08-52-88
11/02/2026,Mercredi,Digital 22h,07-33-87-02-76,79-86-57-25-18
11/02/2026,Mercredi,Digital 23h,10-06-40-45-03,19-47-86-08-78
11/02/2026,Mercredi,Premiere Heure,02-65-72-34-32,07-29-39-06-77
11/02/2026,Mercredi,Fortune,15-01-70-72-50,38-25-28-45-18
11/02/2026,Mercredi,Baraka,68-73-46-88-49,61-53-16-29-09
11/02/2026,Mercredi,Midweek,68-79-82-07-73,
10/02/2026,Mardi,Digital Reveil 7h,25-33-20-42-16,12-76-07-36-09
10/02/2026,Mardi,Digital Reveil 8h,33-54-20-21-84,64-15-57-37-63
10/02/2026,Mardi,Digital 21h,26-83-14-18-77,07-78-22-47-80
10/02/2026,Mardi,Digital 22h,80-21-77-61-51,63-85-79-27-04
10/02/2026,Mardi,Digital 23h,81-55-44-02-37,46-74-60-82-29
10/02/2026,Mardi,La Matinale,69-35-80-07-37,84-59-77-11-87
10/02/2026,Mardi,Emergence,32-07-15-88-76,50-04-37-65-14
10/02/2026,Mardi,Sika,27-58-89-60-28,42-61-32-68-39
10/02/2026,Mardi,Lucky Tuesday,74-57-03-75-60,
09/02/2026,Lundi,Digital Reveil 7h,56-40-46-16-90,10-15-11-08-51
09/02/2026,Lundi,Digital Reveil 8h,77-61-31-08-38,11-88-69-39-45
09/02/2026,Lundi,Digital 21h,75-12-21-43-17,82-62-33-69-51
09/02/2026,Lundi,Digital 22h,46-50-56-44-19,41-42-49-33-71
09/02/2026,Lundi,Digital 23h,75-09-68-72-71,60-67-74-86-40
09/02/2026,Lundi,Reveil,14-73-37-03-22,02-66-47-89-76
09/02/2026,Lundi,Etoile,37-75-13-19-63,07-43-79-84-74
09/02/2026,Lundi,Akwaba,28-39-79-35-41,81-62-38-08-78
09/02/2026,Lundi,Monday Special,74-62-20-07-71,
08/02/2026,Dimanche,Special Weekend 1h,54-76-60-66-25,89-56-55-43-82
08/02/2026,Dimanche,Special Weekend 3h,04-66-35-57-26,30-80-17-36-21
08/02/2026,Dimanche,Digital Reveil 7h,68-73-59-89-65,48-47-21-51-05
08/02/2026,Dimanche,Digital Reveil 8h,72-15-06-78-58,79-29-31-13-89
08/02/2026,Dimanche,Digital 21h,11-09-89-39-45,23-47-87-63-53
08/02/2026,Dimanche,Digital 22h,41-87-46-60-88,48-82-03-84-89
08/02/2026,Dimanche,Digital 23h,69-86-21-56-16,51-39-57-28-53
08/02/2026,Dimanche,Benediction,61-10-03-90-77,20-41-63-78-07
08/02/2026,Dimanche,Prestige,46-19-12-06-67,30-41-25-09-31
08/02/2026,Dimanche,Awale,66-06-22-78-38,51-75-12-09-44
08/02/2026,Dimanche,Espoir,48-19-83-73-60,13-34-23-54-12
07/02/2026,Samedi,Special Weekend 1h,12-57-90-07-73,77-47-69-17-21
07/02/2026,Samedi,Special Weekend 3h,39-88-55-03-78,01-86-70-16-30
07/02/2026,Samedi,Digital Reveil 7h,81-86-55-41-32,42-24-87-10-27
07/02/2026,Samedi,Digital Reveil 8h,68-90-48-83-39,87-19-49-85-20
07/02/2026,Samedi,Digital 21h,47-85-44-41-89,39-22-21-61-66
07/02/2026,Samedi,Digital 22h,62-72-44-29-61,22-67-15-32-19
07/02/2026,Samedi,Digital 23h,69-29-74-34-78,85-11-24-70-18
07/02/2026,Samedi,Soutra,66-24-16-42-74,83-60-82-20-48
07/02/2026,Samedi,Diamant,09-44-77-81-07,42-18-15-46-30
07/02/2026,Samedi,Moaye,05-65-16-45-61,39-56-51-78-60
07/02/2026,Samedi,National,47-55-31-25-48,
06/02/2026,Vendredi,Digital Reveil 7h,82-01-80-11-78,24-57-59-29-36
06/02/2026,Vendredi,Digital Reveil 8h,30-10-22-04-31,45-07-09-57-51
06/02/2026,Vendredi,Digital 21h,41-88-34-30-09,80-55-64-42-28
06/02/2026,Vendredi,Digital 22h,31-52-39-44-90,08-51-34-76-45
06/02/2026,Vendredi,Digital 23h,49-26-22-69-52,42-45-06-07-50
06/02/2026,Vendredi,Cash,88-28-14-25-50,87-78-19-57-81
06/02/2026,Vendredi,Solution,07-18-75-35-74,30-56-27-43-83
06/02/2026,Vendredi,Wari,32-78-87-54-07,12-50-47-18-59
06/02/2026,Vendredi,Friday Bonanza,87-22-07-16-41,
05/02/2026,Jeudi,Digital Reveil 7h,53-48-86-44-32,49-05-13-20-74
05/02/2026,Jeudi,Digital Reveil 8h,58-71-25-15-84,78-68-35-55-38
05/02/2026,Jeudi,Digital 21h,18-15-82-24-14,39-10-55-57-86
05/02/2026,Jeudi,Digital 22h,16-39-14-05-51,38-17-13-10-52
05/02/2026,Jeudi,Digital 23h,10-20-54-26-62,24-53-02-69-68
05/02/2026,Jeudi,Kado,13-79-28-31-05,04-37-73-85-26
05/02/2026,Jeudi,Privilege,80-79-69-50-30,28-06-84-75-67
05/02/2026,Jeudi,Monni,69-07-46-18-32,79-04-13-03-05
05/02/2026,Jeudi,Fortune Thursday,47-05-45-66-15,
04/02/2026,Mercredi,Digital Reveil 7h,76-35-02-45-25,12-05-73-37-36
04/02/2026,Mercredi,Digital Reveil 8h,24-43-90-79-45,15-14-77-20-57
04/02/2026,Mercredi,Digital 21h,26-89-22-13-44,83-38-09-46-58
04/02/2026,Mercredi,Digital 22h,15-31-02-50-05,14-82-47-52-36
04/02/2026,Mercredi,Digital 23h,04-66-84-56-73,06-25-27-14-13
04/02/2026,Mercredi,Premiere Heure,64-03-14-33-32,73-31-28-04-52
04/02/2026,Mercredi,Fortune,55-06-49-21-80,41-65-01-28-73
04/02/2026,Mercredi,Baraka,37-16-50-36-85,39-68-82-44-15
04/02/2026,Mercredi,Midweek,68-51-59-86-13,
03/02/2026,Mardi,Digital Reveil 7h,12-25-18-59-80,86-15-26-21-52
03/02/2026,Mardi,Digital Reveil 8h,29-19-04-07-57,70-47-38-84-71
03/02/2026,Mardi,Digital 21h,20-75-49-07-58,06-48-70-54-15
03/02/2026,Mardi,Digital 22h,18-78-70-72-08,27-17-21-79-67
03/02/2026,Mardi,Digital 23h,26-80-38-77-13,46-86-66-33-30
03/02/2026,Mardi,La Matinale,78-89-63-74-38,36-20-03-37-42
03/02/2026,Mardi,Emergence,33-69-46-53-20,67-35-79-05-42
03/02/2026,Mardi,Sika,65-45-07-46-87,16-26-05-60-38
03/02/2026,Mardi,Lucky Tuesday,23-75-63-43-37,
02/02/2026,Lundi,Digital Reveil 7h,79-04-34-15-82,43-23-10-33-57
02/02/2026,Lundi,Digital Reveil 8h,68-78-10-66-12,15-84-18-41-57
02/02/2026,Lundi,Digital 21h,13-58-68-39-03,18-19-63-48-23
02/02/2026,Lundi,Digital 22h,09-83-11-06-18,85-70-20-53-45
02/02/2026,Lundi,Digital 23h,08-69-46-65-10,19-60-11-37-54
02/02/2026,Lundi,Reveil,05-49-16-15-18,77-69-47-24-50
02/02/2026,Lundi,Etoile,20-28-35-66-40,25-30-24-55-68
02/02/2026,Lundi,Akwaba,38-83-78-64-82,74-87-88-86-44
02/02/2026,Lundi,Monday Special,43-51-25-04-35,
01/02/2026,Dimanche,Special Weekend 1h,05-04-06-56-64,37-84-45-77-46
01/02/2026,Dimanche,Special Weekend 3h,11-71-22-33-81,89-36-38-12-04
01/02/2026,Dimanche,Digital Reveil 7h,74-66-54-27-60,29-59-78-40-39
01/02/2026,Dimanche,Digital Reveil 8h,90-31-27-44-53,83-48-51-16-79
01/02/2026,Dimanche,Digital 21h,71-44-80-58-66,64-68-65-08-34
01/02/2026,Dimanche,Digital 22h,18-17-07-01-82,42-46-39-63-90
01/02/2026,Dimanche,Digital 23h,73-49-29-84-19,87-20-88-43-04
01/02/2026,Dimanche,Benediction,25-03-33-70-13,14-06-31-78-12
01/02/2026,Dimanche,Prestige,63-55-80-77-58,82-18-40-05-36
01/02/2026,Dimanche,Awale,29-11-19-15-03,33-79-46-01-10
01/02/2026,Dimanche,Espoir,74-69-31-15-26,39-65-01-76-54
31/01/2026,Samedi,Special Weekend 1h,73-64-33-49-81,84-43-89-77-28
31/01/2026,Samedi,Special Weekend 3h,68-50-51-74-88,81-03-39-19-60
31/01/2026,Samedi,Digital Reveil 7h,89-32-01-23-67,28-80-14-15-35
31/01/2026,Samedi,Digital Reveil 8h,20-19-71-67-77,79-74-12-41-15
31/01/2026,Samedi,Digital 21h,04-03-32-12-66,41-19-10-21-76
31/01/2026,Samedi,Digital 22h,74-25-08-15-31,73-10-59-29-65
31/01/2026,Samedi,Digital 23h,46-36-62-73-81,75-50-57-38-70
31/01/2026,Samedi,Soutra,49-18-68-74-63,79-84-82-07-08
31/01/2026,Samedi,Diamant,66-67-62-79-37,15-86-40-22-31
31/01/2026,Samedi,Moaye,85-57-60-10-49,54-73-12-20-53
31/01/2026,Samedi,National,06-39-71-48-70,
30/01/2026,Vendredi,Digital Reveil 7h,90-82-04-55-45,50-07-37-43-88
30/01/2026,Vendredi,Digital Reveil 8h,06-89-41-56-09,69-26-07-20-25
30/01/2026,Vendredi,Digital 21h,36-07-46-41-28,13-01-90-62-50
30/01/2026,Vendredi,Digital 22h,73-01-85-09-72,23-14-18-71-31
30/01/2026,Vendredi,Digital 23h,33-05-50-17-70,84-12-59-72-14
30/01/2026,Vendredi,Cash,20-16-50-13-09,11-42-78-23-74
30/01/2026,Vendredi,Solution,25-61-76-87-30,69-59-57-06-21
30/01/2026,Vendredi,Wari,90-46-66-27-22,41-45-42-51-53
30/01/2026,Vendredi,Friday Bonanza,09-40-34-26-07,
29/01/2026,Jeudi,Digital Reveil 7h,70-50-25-61-20,18-42-47-80-29
29/01/2026,Jeudi,Digital Reveil 8h,75-40-65-25-64,73-37-42-74-26
29/01/2026,Jeudi,Digital 21h,72-55-28-38-12,44-05-17-07-67
29/01/2026,Jeudi,Digital 22h,59-71-01-05-47,82-13-52-56-03
29/01/2026,Jeudi,Digital 23h,31-88-85-47-33,58-14-63-72-84
29/01/2026,Jeudi,Kado,35-09-14-59-52,63-83-19-51-56
29/01/2026,Jeudi,Privilege,83-73-75-32-41,11-87-18-89-57
29/01/2026,Jeudi,Monni,17-20-81-51-40,39-10-33-29-03
29/01/2026,Jeudi,Fortune Thursday,75-10-34-41-13,
28/01/2026,Mercredi,Digital Reveil 7h,09-11-23-04-42,68-54-22-76-41
28/01/2026,Mercredi,Digital Reveil 8h,20-85-87-13-50,14-28-12-23-27
28/01/2026,Mercredi,Digital 21h,21-59-86-17-37,24-61-01-90-02
28/01/2026,Mercredi,Digital 22h,42-90-76-40-50,83-57-46-60-09
28/01/2026,Mercredi,Digital 23h,16-47-20-77-32,55-88-82-37-31
28/01/2026,Mercredi,Premiere Heure,28-11-26-51-62,52-40-89-19-18
28/01/2026,Mercredi,Fortune,35-45-42-88-28,37-71-81-90-33
28/01/2026,Mercredi,Baraka,26-78-88-54-57,05-20-40-15-68
28/01/2026,Mercredi,Midweek,20-40-36-48-56,
27/01/2026,Mardi,Digital Reveil 7h,40-33-42-53-22,09-27-81-79-44
27/01/2026,Mardi,Digital Reveil 8h,16-51-43-09-06,89-31-39-57-74
27/01/2026,Mardi,Digital 21h,66-27-32-42-84,75-69-64-62-31
27/01/2026,Mardi,Digital 22h,12-03-76-55-84,08-06-33-73-22
27/01/2026,Mardi,Digital 23h,01-75-22-64-59,23-77-10-87-45
27/01/2026,Mardi,La Matinale,61-30-88-14-28,62-03-71-18-54
27/01/2026,Mardi,Emergence,69-07-81-40-78,88-15-89-02-29
27/01/2026,Mardi,Sika,40-72-17-61-84,41-66-30-54-08
27/01/2026,Mardi,Lucky Tuesday,14-87-13-64-33,
26/01/2026,Lundi,Digital Reveil 7h,84-68-63-01-20,89-06-02-48-54
26/01/2026,Lundi,Digital Reveil 8h,04-01-13-08-88,06-24-82-52-22
26/01/2026,Lundi,Digital 21h,29-01-57-74-84,90-73-43-06-80
26/01/2026,Lundi,Digital 22h,03-69-25-62-49,56-20-81-40-58
26/01/2026,Lundi,Digital 23h,42-74-57-82-10,66-39-44-19-76
26/01/2026,Lundi,Reveil,14-16-51-17-42,27-69-10-47-13
26/01/2026,Lundi,Etoile,49-79-60-22-28,11-80-52-85-35
26/01/2026,Lundi,Akwaba,47-44-26-01-25,35-70-65-19-53
26/01/2026,Lundi,Monday Special,46-66-07-02-73,
25/01/2026,Dimanche,Special Weekend 1h,27-26-45-90-64,33-08-02-76-32
25/01/2026,Dimanche,Special Weekend 3h,35-67-46-08-07,48-66-68-05-44
25/01/2026,Dimanche,Digital Reveil 7h,33-27-65-83-71,45-80-37-66-51
25/01/2026,Dimanche,Digital Reveil 8h,75-37-12-42-25,01-83-39-17-57
25/01/2026,Dimanche,Digital 21h,45-23-01-55-66,57-38-31-54-39
25/01/2026,Dimanche,Digital 22h,60-05-62-61-64,47-88-06-44-90
25/01/2026,Dimanche,Digital 23h,33-83-01-44-55,81-48-06-51-25
25/01/2026,Dimanche,Benediction,71-48-60-39-32,31-27-25-86-23
25/01/2026,Dimanche,Prestige,49-71-03-02-83,16-20-24-62-60
25/01/2026,Dimanche,Awale,60-39-50-56-02,26-14-33-66-52
25/01/2026,Dimanche,Espoir,79-32-78-49-34,46-33-56-05-80
24/01/2026,Samedi,Special Weekend 1h,10-42-22-53-74,89-58-63-50-72
24/01/2026,Samedi,Special Weekend 3h,22-49-50-63-19,26-75-48-13-23
24/01/2026,Samedi,Digital Reveil 7h,59-14-20-64-28,90-07-33-16-75
24/01/2026,Samedi,Digital Reveil 8h,24-03-87-11-26,40-38-34-72-07
24/01/2026,Samedi,Digital 21h,27-37-74-53-72,18-30-31-59-70
24/01/2026,Samedi,Digital 22h,87-19-24-76-77,28-84-53-60-83
24/01/2026,Samedi,Digital 23h,79-80-22-39-42,11-78-31-70-57
24/01/2026,Samedi,Soutra,89-60-62-88-23,35-61-05-13-47
24/01/2026,Samedi,Diamant,89-16-11-40-74,65-60-38-21-02
24/01/2026,Samedi,Moaye,22-89-38-78-59,58-69-41-19-73
24/01/2026,Samedi,National,44-78-52-57-07,
23/01/2026,Vendredi,Digital Reveil 7h,89-49-73-12-71,18-65-13-76-77
23/01/2026,Vendredi,Digital Reveil 8h,90-73-39-18-62,82-47-66-77-10
23/01/2026,Vendredi,Digital 21h,10-62-57-21-63,28-44-66-69-80
23/01/2026,Vendredi,Digital 22h,18-87-20-14-22,52-06-15-49-12
23/01/2026,Vendredi,Digital 23h,70-15-23-88-32,02-80-26-74-35
23/01/2026,Vendredi,Cash,12-68-17-27-21,67-87-54-43-34
23/01/2026,Vendredi,Solution,73-24-51-07-16,75-60-32-21-44
23/01/2026,Vendredi,Wari,21-73-33-62-42,52-36-57-76-83
23/01/2026,Vendredi,Friday Bonanza,08-04-54-48-01,
22/01/2026,Jeudi,Digital Reveil 7h,27-35-14-05-75,15-04-58-44-34
22/01/2026,Jeudi,Digital Reveil 8h,73-72-33-18-05,59-29-12-28-20
22/01/2026,Jeudi,Digital 21h,60-78-39-46-79,54-48-08-23-68
22/01/2026,Jeudi,Digital 22h,49-83-11-21-56,84-77-54-60-82
22/01/2026,Jeudi,Digital 23h,37-35-65-27-36,78-48-29-08-13
22/01/2026,Jeudi,Kado,80-68-67-70-34,08-50-82-10-13
22/01/2026,Jeudi,Privilege,54-44-68-62-35,23-02-72-60-05
22/01/2026,Jeudi,Monni,29-04-15-59-62,89-06-68-84-23
22/01/2026,Jeudi,Fortune Thursday,60-82-89-80-84,
21/01/2026,Mercredi,Digital Reveil 7h,32-53-44-49-20,45-48-87-26-33
21/01/2026,Mercredi,Digital Reveil 8h,28-42-23-73-82,47-57-25-36-14
21/01/2026,Mercredi,Digital 21h,14-01-56-55-30,44-15-03-80-49
21/01/2026,Mercredi,Digital 22h,77-48-20-65-85,62-44-78-88-55
21/01/2026,Mercredi,Digital 23h,84-59-03-65-54,16-08-24-72-31
21/01/2026,Mercredi,Premiere Heure,60-06-61-32-71,30-87-25-89-21
21/01/2026,Mercredi,Fortune,72-76-74-14-45,22-60-81-48-33
21/01/2026,Mercredi,Baraka,25-42-26-55-83,01-14-78-85-84
21/01/2026,Mercredi,Midweek,43-59-71-02-09,
20/01/2026,Mardi,Digital Reveil 7h,55-37-56-54-36,50-16-17-10-07
20/01/2026,Mardi,Digital Reveil 8h,79-11-15-46-69,44-35-86-39-25
20/01/2026,Mardi,Digital 21h,81-24-42-23-85,48-49-33-83-62
20/01/2026,Mardi,Digital 22h,39-49-68-32-31,89-56-71-27-59
20/01/2026,Mardi,Digital 23h,08-23-58-32-40,13-29-83-45-76
20/01/2026,Mardi,La Matinale,69-28-54-35-80,36-03-87-74-40
20/01/2026,Mardi,Emergence,51-19-69-57-72,50-77-58-49-48
20/01/2026,Mardi,Sika,85-15-76-23-01,78-48-79-50-11
20/01/2026,Mardi,Lucky Tuesday,21-17-11-76-86,
19/01/2026,Lundi,Digital Reveil 7h,46-45-66-33-34,40-44-69-51-54
19/01/2026,Lundi,Digital Reveil 8h,07-18-14-17-16,20-60-50-26-76
19/01/2026,Lundi,Digital 21h,77-25-35-41-05,84-64-06-89-18
19/01/2026,Lundi,Digital 22h,60-20-07-30-45,28-29-10-77-75
19/01/2026,Lundi,Digital 23h,77-18-23-78-05,86-50-52-32-29
19/01/2026,Lundi,Reveil,81-23-59-49-66,78-48-03-87-09
19/01/2026,Lundi,Etoile,76-02-73-26-79,80-27-47-21-44
19/01/2026,Lundi,Akwaba,12-75-64-78-25,65-27-67-28-30
19/01/2026,Lundi,Monday Special,86-74-57-60-08,
18/01/2026,Dimanche,Special Weekend 1h,70-03-05-25-32,36-66-47-21-65
18/01/2026,Dimanche,Special Weekend 3h,21-22-09-76-71,83-05-24-67-55
18/01/2026,Dimanche,Digital Reveil 7h,03-57-51-66-23,71-75-47-46-61
18/01/2026,Dimanche,Digital Reveil 8h,89-49-38-76-05,40-17-66-08-03
18/01/2026,Dimanche,Digital 21h,15-25-74-47-62,03-06-02-16-04
18/01/2026,Dimanche,Digital 22h,32-12-39-68-01,50-16-18-60-71
18/01/2026,Dimanche,Digital 23h,15-10-47-38-33,87-37-41-57-43
18/01/2026,Dimanche,Benediction,04-77-17-58-62,57-54-34-66-37
18/01/2026,Dimanche,Prestige,71-23-18-79-58,05-31-35-69-88
18/01/2026,Dimanche,Awale,51-03-82-60-56,30-21-72-65-45
18/01/2026,Dimanche,Espoir,04-06-20-03-69,27-14-34-45-53
17/01/2026,Samedi,Special Weekend 1h,71-08-63-04-82,09-56-66-11-12
17/01/2026,Samedi,Special Weekend 3h,25-50-88-09-58,26-29-83-23-82
17/01/2026,Samedi,Digital Reveil 7h,26-27-30-87-11,85-58-60-50-84
17/01/2026,Samedi,Digital Reveil 8h,76-18-23-81-61,46-84-85-63-66
17/01/2026,Samedi,Digital 21h,89-49-15-67-84,29-81-77-31-13
17/01/2026,Samedi,Digital 22h,44-24-48-78-66,27-57-70-81-05
17/01/2026,Samedi,Digital 23h,37-23-70-77-22,34-83-33-75-12
17/01/2026,Samedi,Soutra,09-67-34-78-54,52-11-65-49-90
17/01/2026,Samedi,Diamant,13-10-41-22-88,61-37-66-53-48
17/01/2026,Samedi,Moaye,89-78-47-52-81,90-13-10-07-30
17/01/2026,Samedi,National,42-81-27-37-23,
16/01/2026,Vendredi,Digital Reveil 7h,29-09-33-21-39,55-37-12-86-87
16/01/2026,Vendredi,Digital Reveil 8h,52-41-77-54-33,05-20-28-67-23
16/01/2026,Vendredi,Digital 21h,90-47-66-73-83,86-20-18-57-43
16/01/2026,Vendredi,Digital 22h,85-10-49-66-13,46-19-48-04-90
16/01/2026,Vendredi,Digital 23h,23-74-53-66-42,03-90-77-47-76
16/01/2026,Vendredi,Cash,71-25-60-51-49,61-72-68-67-14
16/01/2026,Vendredi,Solution,71-63-25-77-46,62-15-17-59-03
16/01/2026,Vendredi,Wari,22-38-18-24-74,49-54-61-30-80
16/01/2026,Vendredi,Friday Bonanza,15-49-07-70-66,
15/01/2026,Jeudi,Digital Reveil 7h,54-75-76-43-31,89-61-47-51-18
15/01/2026,Jeudi,Digital Reveil 8h,72-54-33-27-65,11-14-37-49-76
15/01/2026,Jeudi,Digital 21h,14-57-29-19-64,05-18-15-79-31
15/01/2026,Jeudi,Digital 22h,28-73-20-45-59,43-54-01-76-10
15/01/2026,Jeudi,Digital 23h,17-03-62-01-81,12-33-79-06-54
15/01/2026,Jeudi,Kado,68-57-29-42-89,67-70-39-07-33
15/01/2026,Jeudi,Privilege,65-16-42-04-10,73-58-59-88-61
15/01/2026,Jeudi,Monni,31-57-28-02-08,82-66-49-74-55
15/01/2026,Jeudi,Fortune Thursday,69-53-07-58-88,
14/01/2026,Mercredi,Digital Reveil 7h,78-21-13-73-89,45-43-69-87-26
14/01/2026,Mercredi,Digital Reveil 8h,34-25-72-50-20,87-75-54-59-84
14/01/2026,Mercredi,Digital 21h,10-50-34-30-80,14-69-53-64-42
14/01/2026,Mercredi,Digital 22h,55-62-54-05-14,67-26-04-60-77
14/01/2026,Mercredi,Digital 23h,58-46-35-85-77,48-90-14-86-64
14/01/2026,Mercredi,Premiere Heure,79-47-35-03-73,58-71-11-53-04
14/01/2026,Mercredi,Fortune,06-79-18-60-78,90-19-71-37-52
14/01/2026,Mercredi,Baraka,65-84-15-30-32,04-48-24-39-90
14/01/2026,Mercredi,Midweek,76-10-51-45-63,
13/01/2026,Mardi,Digital Reveil 7h,03-39-19-55-06,32-09-82-44-25
13/01/2026,Mardi,Digital Reveil 8h,87-31-47-88-49,44-14-17-83-30
13/01/2026,Mardi,Digital 21h,78-18-74-24-07,32-36-77-75-79
13/01/2026,Mardi,Digital 22h,58-20-72-25-43,26-38-57-82-10
13/01/2026,Mardi,Digital 23h,03-39-12-80-66,76-29-56-54-90
13/01/2026,Mardi,La Matinale,65-32-81-13-43,12-78-55-02-35
13/01/2026,Mardi,Emergence,35-17-62-49-27,52-57-10-89-45
13/01/2026,Mardi,Sika,75-61-17-35-22,52-03-83-08-71
13/01/2026,Mardi,Lucky Tuesday,31-03-70-43-58,
12/01/2026,Lundi,Digital Reveil 7h,59-85-14-18-64,11-42-84-34-26
12/01/2026,Lundi,Digital Reveil 8h,35-46-40-85-55,02-06-88-20-28
12/01/2026,Lundi,Digital 21h,32-14-71-75-29,62-61-60-82-15
12/01/2026,Lundi,Digital 22h,69-23-77-65-57,55-22-64-61-75
12/01/2026,Lundi,Digital 23h,59-33-73-78-05,21-39-61-13-76
12/01/2026,Lundi,Reveil,49-22-11-04-89,19-66-09-48-74
12/01/2026,Lundi,Etoile,19-56-68-83-48,82-72-29-36-60
12/01/2026,Lundi,Akwaba,39-45-07-57-47,26-75-10-19-82
12/01/2026,Lundi,Monday Special,12-26-40-47-44,
11/01/2026,Dimanche,Special Weekend 1h,89-58-86-69-22,79-36-81-85-52
11/01/2026,Dimanche,Special Weekend 3h,29-17-57-03-53,10-34-40-06-51
11/01/2026,Dimanche,Digital Reveil 7h,89-09-16-04-49,32-84-28-44-05
11/01/2026,Dimanche,Digital Reveil 8h,86-38-28-65-10,33-82-46-55-73
11/01/2026,Dimanche,Digital 21h,57-54-55-58-45,34-52-83-89-30
11/01/2026,Dimanche,Digital 22h,86-12-54-22-79,70-29-23-03-74
11/01/2026,Dimanche,Digital 23h,16-90-73-06-03,36-07-11-50-55
11/01/2026,Dimanche,Benediction,42-21-65-37-73,60-68-34-14-52
11/01/2026,Dimanche,Prestige,27-86-37-25-65,42-45-54-29-51
11/01/2026,Dimanche,Awale,19-72-90-51-87,01-24-22-70-52
11/01/2026,Dimanche,Espoir,03-67-38-23-33,49-64-79-22-75
10/01/2026,Samedi,Special Weekend 1h,87-07-37-36-46,15-35-19-60-44
10/01/2026,Samedi,Special Weekend 3h,42-16-12-78-01,84-58-90-17-62
10/01/2026,Samedi,Digital Reveil 7h,68-04-77-25-58,75-51-03-55-90
10/01/2026,Samedi,Digital Reveil 8h,71-90-23-67-65,83-88-10-74-38
10/01/2026,Samedi,Digital 21h,38-05-13-31-15,43-22-74-12-83
10/01/2026,Samedi,Digital 22h,57-11-32-28-79,89-40-35-90-56
10/01/2026,Samedi,Digital 23h,21-72-40-47-66,03-41-09-16-70
10/01/2026,Samedi,Soutra,78-81-14-68-87,10-67-12-29-74
10/01/2026,Samedi,Diamant,14-41-63-74-78,85-35-40-24-45
10/01/2026,Samedi,Moaye,26-54-88-44-73,34-50-64-69-82
10/01/2026,Samedi,National,74-44-58-16-42,
09/01/2026,Vendredi,Digital Reveil 7h,37-40-30-09-20,07-44-13-22-10
09/01/2026,Vendredi,Digital Reveil 8h,77-06-36-19-88,64-13-79-09-21
09/01/2026,Vendredi,Digital 21h,36-12-16-51-69,47-46-25-01-77
09/01/2026,Vendredi,Digital 22h,38-13-37-74-34,72-76-41-27-06
09/01/2026,Vendredi,Digital 23h,14-09-52-37-61,12-54-78-24-72
09/01/2026,Vendredi,Cash,86-43-58-61-51,77-28-48-04-40
09/01/2026,Vendredi,Solution,72-74-89-79-44,32-81-67-90-76
09/01/2026,Vendredi,Wari,01-62-13-89-84,65-76-42-23-43
09/01/2026,Vendredi,Day Off,02-26-72-66-44,33-64-57-10-68
08/01/2026,Jeudi,Digital Reveil 7h,71-85-82-21-30,68-03-66-16-15
08/01/2026,Jeudi,Digital Reveil 8h,10-61-52-71-88,38-66-13-83-62
08/01/2026,Jeudi,Digital 21h,06-19-16-14-10,41-65-54-20-84
08/01/2026,Jeudi,Digital 22h,85-49-55-15-11,21-52-56-27-16
08/01/2026,Jeudi,Digital 23h,20-26-29-16-43,18-46-63-34-66
08/01/2026,Jeudi,Kado,15-22-51-42-45,05-59-69-37-86
08/01/2026,Jeudi,Privilege,71-14-16-60-35,53-46-22-44-32
08/01/2026,Jeudi,Monni,42-35-50-56-24,86-33-05-30-89
08/01/2026,Jeudi,Fortune Thursday,38-05-64-88-41,
07/01/2026,Mercredi,Digital Reveil 7h,65-59-09-28-80,46-67-44-16-57
07/01/2026,Mercredi,Digital Reveil 8h,04-88-86-36-71,72-60-50-90-77
07/01/2026,Mercredi,Digital 21h,66-58-04-47-82,83-24-19-78-09
07/01/2026,Mercredi,Digital 22h,20-45-28-03-38,06-54-40-01-49
07/01/2026,Mercredi,Digital 23h,42-62-73-60-90,82-21-40-80-50
07/01/2026,Mercredi,Premiere Heure,57-49-03-68-56,80-10-84-67-42
07/01/2026,Mercredi,Fortune,51-06-76-42-44,47-22-87-41-90
07/01/2026,Mercredi,Baraka,41-80-38-05-57,03-55-58-44-90
07/01/2026,Mercredi,Midweek,18-37-60-49-46,
06/01/2026,Mardi,Digital Reveil 7h,37-27-52-72-13,69-34-76-66-53
06/01/2026,Mardi,Digital Reveil 8h,46-25-34-53-71,33-90-11-21-48
06/01/2026,Mardi,Digital 21h,19-89-55-58-41,42-32-53-80-13
06/01/2026,Mardi,Digital 22h,69-03-66-77-05,08-31-70-50-43
06/01/2026,Mardi,Digital 23h,16-39-48-84-54,14-06-51-77-21
06/01/2026,Mardi,La Matinale,69-62-43-01-70,35-80-28-81-45
06/01/2026,Mardi,Emergence,08-66-81-50-05,15-42-58-86-48
06/01/2026,Mardi,Sika,81-16-83-50-73,23-02-76-07-59
06/01/2026,Mardi,Lucky Tuesday,85-07-05-81-56,
05/01/2026,Lundi,Digital Reveil 7h,33-69-50-36-80,83-73-15-02-29
05/01/2026,Lundi,Digital Reveil 8h,56-60-12-08-38,85-02-03-70-74
05/01/2026,Lundi,Digital 21h,80-05-02-30-87,75-70-03-29-13
05/01/2026,Lundi,Digital 22h,10-16-26-06-17,89-50-45-09-05
05/01/2026,Lundi,Digital 23h,65-61-09-37-77,12-55-74-58-21
05/01/2026,Lundi,Reveil,56-76-16-35-08,37-11-59-49-45
05/01/2026,Lundi,Etoile,21-32-82-58-63,40-13-51-12-42
05/01/2026,Lundi,Akwaba,12-80-28-60-13,03-87-33-19-39
05/01/2026,Lundi,Monday Special,25-20-40-79-43,
04/01/2026,Dimanche,Special Weekend 1h,21-28-18-42-44,66-50-77-29-07
04/01/2026,Dimanche,Special Weekend 3h,57-59-21-36-58,28-89-50-49-41
04/01/2026,Dimanche,Digital Reveil 7h,12-69-78-33-76,61-81-08-56-11
04/01/2026,Dimanche,Digital Reveil 8h,90-81-44-35-47,18-14-16-34-31
04/01/2026,Dimanche,Digital 21h,18-29-45-38-37,71-04-11-24-89
04/01/2026,Dimanche,Digital 22h,26-41-88-55-59,49-03-33-82-70
04/01/2026,Dimanche,Digital 23h,61-52-51-22-04,83-78-75-31-50
04/01/2026,Dimanche,Benediction,03-64-56-90-35,14-31-21-07-40
04/01/2026,Dimanche,Prestige,32-33-88-30-17,46-56-31-28-25
04/01/2026,Dimanche,Awale,77-80-48-68-40,45-88-14-39-27
04/01/2026,Dimanche,Espoir,57-87-72-20-74,28-45-37-19-38
03/01/2026,Samedi,Special Weekend 1h,21-33-75-66-20,37-39-16-28-42
03/01/2026,Samedi,Special Weekend 3h,48-04-39-50-22,54-87-33-80-83
03/01/2026,Samedi,Digital Reveil 7h,10-07-40-86-29,77-18-22-27-74
03/01/2026,Samedi,Digital Reveil 8h,55-10-08-68-29,31-03-34-64-50
03/01/2026,Samedi,Digital 21h,75-69-03-54-57,12-20-35-68-09
03/01/2026,Samedi,Digital 22h,88-45-38-80-53,46-51-06-18-21
03/01/2026,Samedi,Digital 23h,52-83-84-90-47,54-08-34-77-82
03/01/2026,Samedi,Soutra,20-69-29-30-19,61-03-44-50-16
03/01/2026,Samedi,Diamant,89-06-71-42-16,40-69-27-39-50
03/01/2026,Samedi,Moaye,13-07-02-73-15,24-46-29-14-21
03/01/2026,Samedi,National,10-38-37-25-27,
02/01/2026,Vendredi,Digital Reveil 7h,10-22-50-72-84,90-18-62-11-80
02/01/2026,Vendredi,Digital Reveil 8h,20-74-81-90-23,79-06-34-44-52
02/01/2026,Vendredi,Digital 21h,67-58-11-59-66,90-48-15-22-06
02/01/2026,Vendredi,Digital 22h,18-01-57-44-37,48-67-47-81-13
02/01/2026,Vendredi,Digital 23h,78-71-86-32-63,68-88-48-54-51
02/01/2026,Vendredi,Cash,41-70-09-59-31,13-22-11-02-40
02/01/2026,Vendredi,Solution,07-24-79-29-12,84-66-33-86-02
02/01/2026,Vendredi,Wari,40-18-01-39-03,54-16-48-25-05
02/01/2026,Vendredi,Friday Bonanza,46-48-44-01-73,
01/01/2026,Jeudi,Digital Reveil 7h,69-03-30-65-81,51-15-82-62-28
01/01/2026,Jeudi,Digital Reveil 8h,80-39-63-82-51,81-25-29-12-41
01/01/2026,Jeudi,Digital 21h,49-30-13-08-31,76-46-89-73-23
01/01/2026,Jeudi,Digital 22h,27-65-77-78-89,54-70-25-71-64
01/01/2026,Jeudi,Digital 23h,70-50-53-05-58,62-11-08-25-19
01/01/2026,Jeudi,Kado,58-55-62-74-22,40-87-24-34-44
01/01/2026,Jeudi,Privilege,01-44-18-41-19,30-10-86-70-65
01/01/2026,Jeudi,Monni,52-59-64-89-73,75-17-35-24-57
01/01/2026,Jeudi,Day Off,46-74-17-44-40,59-05-53-32-84
31/12/2025,Mercredi,Digital Reveil 7h,70-27-28-45-59,39-85-16-78-58
31/12/2025,Mercredi,Digital Reveil 8h,20-85-12-36-90,88-49-75-01-45
31/12/2025,Mercredi,Digital 21h,21-18-26-44-33,08-79-70-06-74
31/12/2025,Mercredi,Digital 22h,60-16-74-71-44,47-31-51-70-19
31/12/2025,Mercredi,Digital 23h,67-76-21-82-55,53-46-45-33-75
31/12/2025,Mercredi,Premiere Heure,78-63-67-49-12,14-47-11-33-87
31/12/2025,Mercredi,Fortune,86-69-02-58-73,71-66-55-34-03
31/12/2025,Mercredi,Baraka,88-81-79-57-31,42-39-52-55-08
31/12/2025,Mercredi,Midweek,01-88-66-22-20,
30/12/2025,Mardi,Digital Reveil 7h,73-55-68-15-19,34-02-80-60-38
30/12/2025,Mardi,Digital Reveil 8h,40-64-37-77-50,70-20-66-63-32
30/12/2025,Mardi,Digital 21h,39-65-22-67-77,08-59-23-69-40
30/12/2025,Mardi,Digital 22h,77-04-80-49-71,52-08-21-05-50
30/12/2025,Mardi,Digital 23h,20-29-30-05-18,04-19-21-44-66
30/12/2025,Mardi,La Matinale,28-43-53-31-84,44-39-70-50-54
30/12/2025,Mardi,Emergence,05-58-35-23-77,37-60-02-28-85
30/12/2025,Mardi,Sika,51-30-87-12-07,37-74-58-48-64
30/12/2025,Mardi,Lucky Tuesday,81-40-08-23-42,
29/12/2025,Lundi,Digital Reveil 7h,48-45-73-61-10,75-90-43-39-79
29/12/2025,Lundi,Digital Reveil 8h,07-44-38-50-18,11-80-64-17-16
29/12/2025,Lundi,Digital 21h,28-38-23-81-26,34-78-11-76-47
29/12/2025,Lundi,Digital 22h,47-80-33-52-31,20-02-24-58-69
29/12/2025,Lundi,Digital 23h,58-67-66-10-34,87-03-48-55-79
29/12/2025,Lundi,Reveil,68-61-84-86-16,54-13-06-34-45
29/12/2025,Lundi,Etoile,06-85-04-17-69,24-65-89-68-15
29/12/2025,Lundi,Akwaba,58-32-83-82-71,34-39-38-50-26
29/12/2025,Lundi,Monday Special,01-06-69-82-55,
28/12/2025,Dimanche,Special Weekend 1h,08-11-15-21-41,22-26-65-10-77
28/12/2025,Dimanche,Special Weekend 3h,76-51-67-15-03,11-05-49-45-53
28/12/2025,Dimanche,Digital Reveil 7h,48-81-17-79-60,54-28-08-77-75
28/12/2025,Dimanche,Digital Reveil 8h,62-41-40-22-16,11-71-32-08-23
28/12/2025,Dimanche,Digital 21h,01-80-29-84-88,16-21-50-08-22
28/12/2025,Dimanche,Digital 22h,39-16-19-08-80,69-15-72-79-67
28/12/2025,Dimanche,Digital 23h,19-68-07-09-85,37-05-69-10-83
28/12/2025,Dimanche,Benediction,78-87-34-83-47,43-07-27-66-62
28/12/2025,Dimanche,Prestige,83-21-01-20-17,05-82-66-57-13
28/12/2025,Dimanche,Awale,01-90-64-58-37,72-28-75-85-78
28/12/2025,Dimanche,Espoir,43-22-04-51-76,38-07-79-31-54
27/12/2025,Samedi,Special Weekend 1h,65-66-58-10-09,38-43-70-02-73
27/12/2025,Samedi,Special Weekend 3h,25-47-46-70-27,53-57-50-58-88
27/12/2025,Samedi,Digital Reveil 7h,90-12-83-89-17,05-61-54-79-22
27/12/2025,Samedi,Digital Reveil 8h,79-54-57-08-73,58-53-35-83-37
27/12/2025,Samedi,Digital 21h,81-32-47-27-39,36-62-50-86-12
27/12/2025,Samedi,Digital 22h,89-04-78-72-90,49-33-59-13-21
27/12/2025,Samedi,Digital 23h,18-14-12-41-49,71-59-22-77-32
27/12/2025,Samedi,Soutra,49-60-83-21-82,33-47-56-67-74
27/12/2025,Samedi,Diamant,04-06-18-75-58,85-62-49-12-56
27/12/2025,Samedi,Moaye,24-26-59-82-12,52-29-20-50-67
27/12/2025,Samedi,National,12-03-65-04-29,
26/12/2025,Vendredi,Digital Reveil 7h,39-84-38-57-42,31-85-80-66-10
26/12/2025,Vendredi,Digital Reveil 8h,83-75-37-09-53,14-49-69-31-44
26/12/2025,Vendredi,Digital 21h,81-49-55-29-83,52-43-38-19-45
26/12/2025,Vendredi,Digital 22h,20-10-43-38-35,09-80-48-37-53
26/12/2025,Vendredi,Digital 23h,59-61-42-62-08,38-44-75-70-33
26/12/2025,Vendredi,Cash,06-17-70-45-21,27-56-23-80-71
26/12/2025,Vendredi,Solution,89-29-14-12-74,11-32-40-56-70
26/12/2025,Vendredi,Wari,27-08-22-02-20,07-19-79-18-80
26/12/2025,Vendredi,Day Off,59-47-14-69-05,63-19-39-61-06
25/12/2025,Jeudi,Digital Reveil 7h,35-87-66-79-32,44-89-14-65-57
25/12/2025,Jeudi,Digital Reveil 8h,52-11-35-16-19,23-87-44-08-45
25/12/2025,Jeudi,Digital 21h,02-83-04-69-85,88-15-63-43-64
25/12/2025,Jeudi,Digital 22h,66-43-51-77-10,27-17-33-25-58
25/12/2025,Jeudi,Digital 23h,11-15-67-56-29,33-22-50-24-70
25/12/2025,Jeudi,Kado,76-36-75-62-35,21-51-84-24-67
25/12/2025,Jeudi,Privilege,86-08-54-06-77,76-13-62-25-36
25/12/2025,Jeudi,Monni,71-66-87-90-81,20-30-35-32-82
25/12/2025,Jeudi,Day Off,21-04-40-03-33,31-46-78-87-13
24/12/2025,Mercredi,Digital Reveil 7h,56-52-36-20-26,90-08-76-06-13
24/12/2025,Mercredi,Digital Reveil 8h,79-20-78-02-69,35-47-75-45-21
24/12/2025,Mercredi,Digital 21h,81-85-86-22-01,21-10-41-09-53
24/12/2025,Mercredi,Digital 22h,08-71-51-85-75,78-18-57-90-50
24/12/2025,Mercredi,Digital 23h,79-52-04-07-17,50-65-75-74-63
24/12/2025,Mercredi,Premiere Heure,27-13-07-57-53,69-12-06-19-65
24/12/2025,Mercredi,Fortune,28-53-37-60-13,30-08-90-20-47
24/12/2025,Mercredi,Baraka,24-80-55-83-74,49-22-48-68-45
24/12/2025,Mercredi,Midweek,38-24-70-49-73,
23/12/2025,Mardi,Digital Reveil 7h,71-21-16-62-07,31-22-12-40-05
23/12/2025,Mardi,Digital Reveil 8h,05-06-62-04-31,59-36-21-89-54
23/12/2025,Mardi,Digital 21h,56-01-14-42-90,87-81-79-21-31
23/12/2025,Mardi,Digital 22h,88-59-23-06-57,48-43-87-82-19
23/12/2025,Mardi,Digital 23h,52-26-05-25-82,16-41-74-62-02
23/12/2025,Mardi,La Matinale,61-53-08-73-74,41-85-13-23-66
23/12/2025,Mardi,Emergence,06-24-52-01-90,08-23-35-02-82
23/12/2025,Mardi,Sika,82-79-15-04-69,62-76-61-07-16
23/12/2025,Mardi,Lucky Tuesday,30-54-72-19-71,
22/12/2025,Lundi,Digital Reveil 7h,53-89-33-28-26,54-61-82-68-40
22/12/2025,Lundi,Digital Reveil 8h,90-02-81-41-54,86-28-66-59-78
22/12/2025,Lundi,Digital 21h,34-15-20-42-72,32-77-83-90-25
22/12/2025,Lundi,Digital 22h,53-09-54-23-26,42-64-06-55-41
22/12/2025,Lundi,Digital 23h,43-77-62-33-47,03-37-48-16-19
22/12/2025,Lundi,Reveil,62-40-67-69-29,10-43-14-54-19
22/12/2025,Lundi,Etoile,66-24-31-62-27,53-54-34-02-11
22/12/2025,Lundi,Akwaba,61-43-29-47-72,49-54-78-02-64
22/12/2025,Lundi,Monday Special,23-33-07-77-08,
21/12/2025,Dimanche,Special Weekend 1h,73-74-36-50-09,68-44-30-55-80
21/12/2025,Dimanche,Special Weekend 3h,60-88-23-85-79,71-87-86-18-28
21/12/2025,Dimanche,Digital Reveil 7h,38-21-81-72-32,54-67-85-15-16
21/12/2025,Dimanche,Digital Reveil 8h,87-05-67-31-08,27-74-62-63-60
21/12/2025,Dimanche,Digital 21h,36-66-20-73-54,12-84-18-88-19
21/12/2025,Dimanche,Digital 22h,40-04-62-07-12,76-54-15-01-82
21/12/2025,Dimanche,Digital 23h,03-61-30-47-76,13-12-35-90-56
21/12/2025,Dimanche,Benediction,70-38-54-11-28,58-87-59-77-80
21/12/2025,Dimanche,Prestige,22-30-73-32-19,36-72-80-09-44
21/12/2025,Dimanche,Awale,31-42-85-30-45,65-59-38-37-58
21/12/2025,Dimanche,Espoir,26-56-69-66-85,05-77-86-30-79
20/12/2025,Samedi,Special Weekend 1h,80-04-85-16-40,79-52-58-07-71
20/12/2025,Samedi,Special Weekend 3h,72-42-39-90-49,40-87-88-44-63
20/12/2025,Samedi,Digital Reveil 7h,24-75-25-85-02,83-37-09-58-54
20/12/2025,Samedi,Digital Reveil 8h,74-39-14-34-82,80-57-55-61-56
20/12/2025,Samedi,Digital 21h,63-19-90-07-57,46-32-13-44-16
20/12/2025,Samedi,Digital 22h,49-39-25-85-29,59-67-15-36-01
20/12/2025,Samedi,Digital 23h,76-51-02-70-64,69-81-28-59-55
20/12/2025,Samedi,Soutra,60-16-06-56-17,46-88-18-03-78
20/12/2025,Samedi,Diamant,82-55-62-24-18,48-61-17-07-86
20/12/2025,Samedi,Moaye,54-39-23-51-43,41-67-55-72-42
20/12/2025,Samedi,National,57-61-80-72-83,
19/12/2025,Vendredi,Digital Reveil 7h,26-12-54-88-34,06-80-57-03-86
19/12/2025,Vendredi,Digital Reveil 8h,56-49-80-30-57,83-35-34-16-79
19/12/2025,Vendredi,Digital 21h,28-18-62-04-33,79-10-78-09-71
19/12/2025,Vendredi,Digital 22h,46-17-80-55-35,09-33-58-44-16
19/12/2025,Vendredi,Digital 23h,75-50-27-49-38,53-22-29-06-19
19/12/2025,Vendredi,Cash,76-82-59-11-37,26-30-49-73-24
19/12/2025,Vendredi,Solution,81-25-59-51-28,24-36-03-76-21
19/12/2025,Vendredi,Wari,24-53-84-06-73,28-76-05-74-30
19/12/2025,Vendredi,Friday Bonanza,57-26-63-25-20,
18/12/2025,Jeudi,Digital Reveil 7h,75-89-58-48-82,30-52-86-81-37
18/12/2025,Jeudi,Digital Reveil 8h,16-66-30-77-21,60-11-67-39-22
18/12/2025,Jeudi,Digital 21h,13-78-35-14-12,49-75-01-34-10
18/12/2025,Jeudi,Digital 22h,41-37-77-32-33,01-58-88-36-61
18/12/2025,Jeudi,Digital 23h,67-18-44-33-15,31-63-43-07-65
18/12/2025,Jeudi,Kado,25-63-74-31-16,56-34-78-81-24
18/12/2025,Jeudi,Privilege,58-47-90-14-69,37-50-63-28-44
18/12/2025,Jeudi,Monni,64-29-70-23-35,05-85-54-04-48
18/12/2025,Jeudi,Fortune Thursday,01-02-75-39-16,
17/12/2025,Mercredi,Digital Reveil 7h,70-32-46-30-74,67-72-84-83-05
17/12/2025,Mercredi,Digital Reveil 8h,48-07-17-45-31,77-85-51-42-11
17/12/2025,Mercredi,Digital 21h,44-60-62-17-90,54-25-11-48-36
17/12/2025,Mercredi,Digital 22h,37-18-49-69-33,20-79-88-65-61
17/12/2025,Mercredi,Digital 23h,43-53-82-29-66,60-41-75-76-32
17/12/2025,Mercredi,Premiere Heure,12-62-35-84-10,64-38-81-40-54
17/12/2025,Mercredi,Fortune,67-12-47-86-89,42-77-01-02-48
17/12/2025,Mercredi,Baraka,35-67-51-80-81,29-30-33-01-70
17/12/2025,Mercredi,Midweek,13-59-71-90-82,
16/12/2025,Mardi,Digital Reveil 7h,36-67-87-73-77,89-45-15-23-32
16/12/2025,Mardi,Digital Reveil 8h,01-15-22-47-88,62-67-05-17-82
16/12/2025,Mardi,Digital 21h,46-63-71-42-36,88-86-04-53-39
16/12/2025,Mardi,Digital 22h,09-15-75-88-36,03-18-39-33-17
16/12/2025,Mardi,Digital 23h,47-88-79-49-03,68-64-32-86-54
16/12/2025,Mardi,La Matinale,56-13-33-18-02,50-25-45-36-76
16/12/2025,Mardi,Emergence,60-79-10-80-69,58-11-71-77-63
16/12/2025,Mardi,Sika,36-33-14-48-73,01-18-24-65-71
16/12/2025,Mardi,Lucky Tuesday,56-55-02-14-10,
15/12/2025,Lundi,Digital Reveil 7h,66-78-39-34-03,55-06-61-47-37
15/12/2025,Lundi,Digital Reveil 8h,84-71-20-57-43,33-72-61-62-16
15/12/2025,Lundi,Digital 21h,86-28-41-22-60,67-77-35-11-78
15/12/2025,Lundi,Digital 22h,41-10-60-27-14,50-72-30-83-43
15/12/2025,Lundi,Digital 23h,36-17-90-22-62,33-51-27-45-47
15/12/2025,Lundi,Reveil,14-24-55-67-79,09-56-62-59-33
15/12/2025,Lundi,Etoile,80-55-02-15-41,47-82-75-03-67
15/12/2025,Lundi,Akwaba,11-75-33-66-24,83-53-14-46-76
15/12/2025,Lundi,Monday Special,30-22-61-51-17,
14/12/2025,Dimanche,Special Weekend 1h,48-77-81-36-27,83-44-37-41-33
14/12/2025,Dimanche,Special Weekend 3h,61-10-43-22-37,90-21-89-59-16
14/12/2025,Dimanche,Digital Reveil 7h,79-49-52-36-76,56-87-57-29-66
14/12/2025,Dimanche,Digital Reveil 8h,51-35-30-77-08,79-83-78-69-50
14/12/2025,Dimanche,Digital 21h,85-74-57-11-22,25-12-70-13-14
14/12/2025,Dimanche,Digital 22h,30-10-77-17-27,72-28-46-87-05
14/12/2025,Dimanche,Digital 23h,41-05-80-67-79,75-49-69-32-42
14/12/2025,Dimanche,Benediction,71-22-64-17-02,85-83-37-26-20
14/12/2025,Dimanche,Prestige,22-19-79-09-70,80-74-64-04-52
14/12/2025,Dimanche,Awale,50-30-27-47-80,33-37-81-57-72
14/12/2025,Dimanche,Espoir,60-90-84-17-82,61-22-72-05-74
13/12/2025,Samedi,Special Weekend 1h,57-73-82-06-66,22-23-80-62-60
13/12/2025,Samedi,Special Weekend 3h,83-80-11-76-28,61-25-12-01-14
13/12/2025,Samedi,Digital Reveil 7h,39-11-54-88-23,49-09-85-90-50
13/12/2025,Samedi,Digital Reveil 8h,12-77-08-87-19,49-83-31-52-60
13/12/2025,Samedi,Digital 21h,46-11-80-57-61,77-58-66-88-65
13/12/2025,Samedi,Digital 22h,33-38-13-54-85,48-29-83-23-34
13/12/2025,Samedi,Digital 23h,58-47-51-20-15,75-73-57-68-39
13/12/2025,Samedi,Soutra,61-26-68-89-48,13-18-83-06-77
13/12/2025,Samedi,Diamant,69-82-06-29-36,40-55-61-87-21
13/12/2025,Samedi,Moaye,76-38-10-50-28,53-63-20-85-72
13/12/2025,Samedi,National,07-64-65-83-19,
12/12/2025,Vendredi,Digital Reveil 7h,30-45-17-29-86,36-15-59-84-64
12/12/2025,Vendredi,Digital Reveil 8h,59-09-43-69-08,65-06-44-33-68
12/12/2025,Vendredi,Digital 21h,55-27-43-42-62,88-50-06-74-09
12/12/2025,Vendredi,Digital 22h,21-83-78-65-90,39-38-79-63-10
12/12/2025,Vendredi,Digital 23h,87-17-20-79-27,32-08-55-71-58
12/12/2025,Vendredi,Cash,64-62-55-49-44,30-16-36-67-11
12/12/2025,Vendredi,Solution,14-39-81-45-49,05-02-18-32-43
12/12/2025,Vendredi,Wari,84-54-02-38-32,31-48-53-86-13
12/12/2025,Vendredi,Friday Bonanza,58-54-53-82-56,
11/12/2025,Jeudi,Digital Reveil 7h,11-51-49-01-82,66-38-30-78-40
11/12/2025,Jeudi,Digital Reveil 8h,39-71-33-19-03,45-53-88-80-09
11/12/2025,Jeudi,Digital 21h,65-62-02-82-80,45-75-73-46-15
11/12/2025,Jeudi,Digital 22h,14-59-41-42-13,21-23-34-45-02
11/12/2025,Jeudi,Digital 23h,23-02-78-49-17,19-05-71-06-45
11/12/2025,Jeudi,Kado,01-88-23-64-66,76-41-56-67-49
11/12/2025,Jeudi,Privilege,75-60-19-84-82,50-66-11-79-78
11/12/2025,Jeudi,Monni,82-76-58-35-78,59-45-23-49-20
11/12/2025,Jeudi,Fortune Thursday,29-85-75-16-05,
10/12/2025,Mercredi,Digital Reveil 7h,86-26-72-62-56,73-12-13-20-44
10/12/2025,Mercredi,Digital Reveil 8h,56-39-87-18-78,01-53-63-09-13
10/12/2025,Mercredi,Digital 21h,25-75-49-26-86,84-13-83-74-68
10/12/2025,Mercredi,Digital 22h,45-48-51-26-36,72-88-10-32-68
10/12/2025,Mercredi,Digital 23h,58-84-88-12-07,28-83-86-41-11
10/12/2025,Mercredi,Premiere Heure,34-85-04-48-77,30-07-39-66-88
10/12/2025,Mercredi,Fortune,26-42-89-72-51,78-13-41-55-36
10/12/2025,Mercredi,Baraka,70-18-25-71-01,61-81-67-88-31
10/12/2025,Mercredi,Midweek,06-80-86-82-45,
09/12/2025,Mardi,Digital Reveil 7h,11-31-77-52-37,81-60-86-01-42
09/12/2025,Mardi,Digital Reveil 8h,89-55-82-33-71,68-85-74-72-01
09/12/2025,Mardi,Digital 21h,24-49-81-48-33,43-13-54-46-63
09/12/2025,Mardi,Digital 22h,47-57-51-56-04,78-28-88-27-73
09/12/2025,Mardi,Digital 23h,90-60-36-21-13,65-12-78-82-67
09/12/2025,Mardi,La Matinale,52-39-77-15-40,10-18-89-24-06
09/12/2025,Mardi,Emergence,27-02-80-86-50,36-37-60-77-90
09/12/2025,Mardi,Sika,82-36-77-19-21,15-22-71-70-35
09/12/2025,Mardi,Lucky Tuesday,51-07-03-23-21,
08/12/2025,Lundi,Digital Reveil 7h,08-32-84-44-25,43-19-85-13-60
08/12/2025,Lundi,Digital Reveil 8h,33-52-66-21-03,11-82-72-59-58
08/12/2025,Lundi,Digital 21h,71-19-82-57-51,46-03-38-40-47
08/12/2025,Lundi,Digital 22h,79-07-03-41-08,70-05-10-53-13
08/12/2025,Lundi,Digital 23h,15-24-55-87-88,17-86-76-05-46
08/12/2025,Lundi,Reveil,66-08-29-48-83,54-04-73-06-31
08/12/2025,Lundi,Etoile,47-57-04-01-58,86-84-61-60-35
08/12/2025,Lundi,Akwaba,13-82-50-08-05,70-16-14-31-89
08/12/2025,Lundi,Monday Special,38-42-50-78-46,
07/12/2025,Dimanche,Special Weekend 1h,32-45-23-59-80,89-48-66-26-01
07/12/2025,Dimanche,Special Weekend 3h,13-42-31-50-44,45-56-59-08-25
07/12/2025,Dimanche,Digital Reveil 7h,03-44-49-47-34,68-60-43-31-12
07/12/2025,Dimanche,Digital Reveil 8h,44-59-78-47-45,79-51-36-50-22
07/12/2025,Dimanche,Digital 21h,68-01-88-73-08,04-71-41-70-64
07/12/2025,Dimanche,Digital 22h,07-72-15-55-37,70-48-19-11-23
07/12/2025,Dimanche,Digital 23h,81-39-17-45-23,30-07-36-77-55
07/12/2025,Dimanche,Benediction,18-78-36-57-61,23-62-29-05-44
07/12/2025,Dimanche,Prestige,09-22-30-84-10,87-65-55-35-05
07/12/2025,Dimanche,Awale,42-65-51-39-21,04-27-52-01-09
07/12/2025,Dimanche,Espoir,87-05-48-09-53,06-50-27-16-07
06/12/2025,Samedi,Special Weekend 1h,89-62-61-23-49,34-76-58-16-08
06/12/2025,Samedi,Special Weekend 3h,13-69-76-14-31,33-61-10-24-74
06/12/2025,Samedi,Digital Reveil 7h,70-51-53-14-01,90-68-58-19-28
06/12/2025,Samedi,Digital Reveil 8h,55-33-13-39-10,26-14-52-46-25
06/12/2025,Samedi,Digital 21h,74-88-80-84-04,29-47-77-61-85
06/12/2025,Samedi,Digital 22h,69-31-32-62-48,38-47-74-04-25
06/12/2025,Samedi,Digital 23h,26-18-13-89-46,60-87-76-52-54
06/12/2025,Samedi,Soutra,46-15-33-41-14,62-31-53-57-36
06/12/2025,Samedi,Diamant,09-24-78-01-75,55-56-62-87-52
06/12/2025,Samedi,Moaye,01-39-06-62-61,43-04-21-19-53
06/12/2025,Samedi,National,48-43-76-34-30,
05/12/2025,Vendredi,Digital Reveil 7h,09-40-50-73-76,35-43-79-90-41
05/12/2025,Vendredi,Digital Reveil 8h,51-27-58-70-19,89-79-11-90-08
05/12/2025,Vendredi,Digital 21h,15-33-16-05-76,88-39-87-62-52
05/12/2025,Vendredi,Digital 22h,64-75-17-37-87,76-89-60-62-19
05/12/2025,Vendredi,Digital 23h,53-23-21-60-29,24-49-20-25-44
05/12/2025,Vendredi,Cash,40-23-04-48-15,17-86-27-90-02
05/12/2025,Vendredi,Solution,35-75-56-59-16,65-40-14-33-73
05/12/2025,Vendredi,Wari,39-85-34-43-70,40-82-56-05-67
05/12/2025,Vendredi,Day Off,45-63-82-43-49,50-20-22-44-79
04/12/2025,Jeudi,Digital Reveil 7h,16-65-84-74-67,25-19-10-22-75
04/12/2025,Jeudi,Digital Reveil 8h,87-83-11-14-78,12-67-55-05-90
04/12/2025,Jeudi,Digital 21h,50-18-44-19-32,28-59-87-58-20
04/12/2025,Jeudi,Digital 22h,40-09-16-69-41,85-64-55-05-86
04/12/2025,Jeudi,Digital 23h,83-14-90-12-73,69-51-50-10-05
04/12/2025,Jeudi,Kado,18-83-15-71-76,36-30-07-62-21
04/12/2025,Jeudi,Privilege,60-44-22-61-02,65-25-20-83-63
04/12/2025,Jeudi,Monni,79-19-46-59-20,62-73-25-75-58
04/12/2025,Jeudi,Fortune Thursday,55-48-13-66-03,
03/12/2025,Mercredi,Digital Reveil 7h,84-58-04-16-82,09-48-55-43-88
03/12/2025,Mercredi,Digital Reveil 8h,68-82-10-60-55,34-57-41-65-63
03/12/2025,Mercredi,Digital 21h,07-18-77-23-38,61-04-82-31-78
03/12/2025,Mercredi,Digital 22h,54-14-75-45-61,55-39-22-11-05
03/12/2025,Mercredi,Digital 23h,13-09-06-89-31,49-39-82-80-48
03/12/2025,Mercredi,Premiere Heure,25-13-63-75-09,69-06-04-02-07
03/12/2025,Mercredi,Fortune,17-05-81-28-59,25-73-55-85-22
03/12/2025,Mercredi,Baraka,64-60-04-80-84,14-89-16-38-70
03/12/2025,Mercredi,Midweek,89-22-67-62-53,
02/12/2025,Mardi,Digital Reveil 7h,09-60-72-85-37,43-21-12-40-64
02/12/2025,Mardi,Digital Reveil 8h,30-57-76-64-33,72-84-23-47-44
02/12/2025,Mardi,Digital 21h,19-39-83-51-23,42-14-85-02-32
02/12/2025,Mardi,Digital 22h,83-36-25-68-55,23-66-01-67-61
02/12/2025,Mardi,Digital 23h,58-84-77-51-72,43-33-13-08-18
02/12/2025,Mardi,La Matinale,41-42-69-43-63,73-16-90-31-18
02/12/2025,Mardi,Emergence,21-83-75-30-87,25-26-16-10-13
02/12/2025,Mardi,Sika,83-75-32-54-65,28-53-84-82-02
02/12/2025,Mardi,Lucky Tuesday,79-35-52-23-17,
01/12/2025,Lundi,Digital Reveil 7h,38-78-52-12-39,45-84-75-04-59
01/12/2025,Lundi,Digital Reveil 8h,47-74-36-65-09,82-78-90-08-02
01/12/2025,Lundi,Digital 21h,52-59-19-43-81,56-32-79-15-87
01/12/2025,Lundi,Digital 22h,62-76-79-89-75,19-32-12-20-84
01/12/2025,Lundi,Digital 23h,47-88-85-04-53,37-26-60-80-45
01/12/2025,Lundi,Reveil,70-41-16-28-53,31-67-51-61-03
01/12/2025,Lundi,Etoile,75-25-24-09-42,39-08-07-71-90
01/12/2025,Lundi,Akwaba,39-73-45-08-14,77-03-16-44-38
01/12/2025,Lundi,Monday Special,11-09-27-55-32,
30/11/2025,Dimanche,Special Weekend 1h,44-67-50-76-34,38-68-63-66-05
30/11/2025,Dimanche,Special Weekend 3h,39-89-67-26-40,77-46-76-23-48
30/11/2025,Dimanche,Digital Reveil 7h,44-16-83-49-67,58-25-73-37-13
30/11/2025,Dimanche,Digital Reveil 8h,02-52-12-49-04,35-21-61-42-72
30/11/2025,Dimanche,Digital 21h,79-55-18-40-31,78-02-82-07-75
30/11/2025,Dimanche,Digital 22h,86-69-81-32-71,18-62-03-76-51
30/11/2025,Dimanche,Digital 23h,40-34-90-23-18,66-12-06-61-41
30/11/2025,Dimanche,Benediction,72-43-65-01-66,60-41-69-63-75
30/11/2025,Dimanche,Prestige,14-41-42-55-77,06-83-63-53-64
30/11/2025,Dimanche,Awale,02-83-05-42-22,66-18-74-59-82
30/11/2025,Dimanche,Espoir,13-85-80-64-65,90-27-69-16-82
29/11/2025,Samedi,Special Weekend 1h,28-33-26-77-49,53-06-34-08-80
29/11/2025,Samedi,Special Weekend 3h,74-19-25-58-32,16-17-51-73-61
29/11/2025,Samedi,Digital Reveil 7h,07-49-66-22-16,88-09-31-75-74
29/11/2025,Samedi,Digital Reveil 8h,47-27-59-40-50,12-64-89-20-05
29/11/2025,Samedi,Digital 21h,11-45-48-26-73,59-01-28-34-69
29/11/2025,Samedi,Digital 22h,75-02-22-20-51,40-29-19-55-67
29/11/2025,Samedi,Digital 23h,31-52-47-10-79,46-61-15-23-36
29/11/2025,Samedi,Soutra,82-29-40-51-66,73-14-70-15-31
29/11/2025,Samedi,Diamant,74-50-51-36-21,45-75-46-84-57
29/11/2025,Samedi,Moaye,85-57-88-89-20,62-23-54-49-12
29/11/2025,Samedi,National,67-60-56-55-58,
28/11/2025,Vendredi,Digital Reveil 7h,27-09-75-70-11,61-08-48-88-58
28/11/2025,Vendredi,Digital Reveil 8h,58-09-34-49-48,89-80-56-87-60
28/11/2025,Vendredi,Digital 21h,59-23-64-79-81,26-76-01-13-18
28/11/2025,Vendredi,Digital 22h,19-14-58-51-42,25-89-17-82-61
28/11/2025,Vendredi,Digital 23h,84-33-52-03-71,41-05-86-09-55
28/11/2025,Vendredi,Cash,43-77-53-48-65,76-59-06-81-37
28/11/2025,Vendredi,Solution,27-40-49-11-13,59-03-78-52-70
28/11/2025,Vendredi,Wari,79-22-45-50-03,86-04-65-10-15
28/11/2025,Vendredi,Friday Bonanza,79-04-49-75-78,
27/11/2025,Jeudi,Digital Reveil 7h,63-54-88-82-23,67-35-08-77-10
27/11/2025,Jeudi,Digital Reveil 8h,83-68-37-26-07,22-77-24-04-57
27/11/2025,Jeudi,Digital 21h,47-01-75-29-30,83-19-51-64-87
27/11/2025,Jeudi,Digital 22h,35-38-59-79-13,62-40-88-49-55
27/11/2025,Jeudi,Digital 23h,18-12-16-11-29,17-77-82-20-24
27/11/2025,Jeudi,Kado,11-87-56-61-45,26-08-30-36-46
27/11/2025,Jeudi,Privilege,17-62-06-08-67,36-28-45-69-43
27/11/2025,Jeudi,Monni,06-61-36-78-83,28-14-07-64-60
27/11/2025,Jeudi,Fortune Thursday,41-33-26-88-14,
26/11/2025,Mercredi,Digital Reveil 7h,71-73-09-34-25,33-11-76-64-86
26/11/2025,Mercredi,Digital Reveil 8h,24-87-83-51-05,46-90-64-31-53
26/11/2025,Mercredi,Digital 21h,47-49-39-01-55,06-12-89-65-90
26/11/2025,Mercredi,Digital 22h,60-86-19-44-51,32-37-13-73-10
26/11/2025,Mercredi,Digital 23h,63-28-89-23-17,78-36-03-75-15
26/11/2025,Mercredi,Premiere Heure,71-06-84-44-70,18-74-75-54-43
26/11/2025,Mercredi,Fortune,48-44-76-22-61,10-59-32-77-27
26/11/2025,Mercredi,Baraka,17-35-23-82-13,25-79-40-32-75
26/11/2025,Mercredi,Midweek,24-64-79-70-17,
25/11/2025,Mardi,Digital Reveil 7h,21-60-80-28-88,02-27-23-15-77
25/11/2025,Mardi,Digital Reveil 8h,49-41-34-21-16,86-33-59-68-04
25/11/2025,Mardi,Digital 21h,52-39-88-30-34,64-85-02-70-37
25/11/2025,Mardi,Digital 22h,83-45-52-86-20,57-70-78-63-46
25/11/2025,Mardi,Digital 23h,49-37-87-73-22,26-06-68-44-04
25/11/2025,Mardi,La Matinale,56-77-38-23-22,66-35-05-81-26
25/11/2025,Mardi,Emergence,89-71-83-85-86,06-64-54-52-07
25/11/2025,Mardi,Sika,71-77-63-43-34,48-16-79-83-73
25/11/2025,Mardi,Lucky Tuesday,81-67-88-02-04,
24/11/2025,Lundi,Digital Reveil 7h,45-71-08-81-16,36-18-04-65-62
24/11/2025,Lundi,Digital Reveil 8h,57-47-65-11-20,13-03-72-33-45
24/11/2025,Lundi,Digital 21h,13-42-16-79-67,33-74-26-29-41
24/11/2025,Lundi,Digital 22h,67-34-19-24-74,62-22-38-45-63
24/11/2025,Lundi,Digital 23h,77-01-85-16-22,48-03-26-40-89
24/11/2025,Lundi,Reveil,63-34-10-75-38,76-71-55-70-73
24/11/2025,Lundi,Etoile,85-78-90-21-24,09-23-28-83-79
24/11/2025,Lundi,Akwaba,57-72-65-61-21,89-40-08-73-81
24/11/2025,Lundi,Monday Special,48-29-87-79-63,
23/11/2025,Dimanche,Special Weekend 1h,88-49-83-66-84,43-74-30-24-50
23/11/2025,Dimanche,Special Weekend 3h,79-52-17-14-03,43-29-58-04-23
23/11/2025,Dimanche,Digital Reveil 7h,30-56-38-18-16,59-14-65-43-12
23/11/2025,Dimanche,Digital Reveil 8h,34-50-72-27-55,36-49-15-23-66
23/11/2025,Dimanche,Digital 21h,14-08-11-66-59,48-82-28-52-86
23/11/2025,Dimanche,Digital 22h,24-76-90-73-04,42-50-27-78-13
23/11/2025,Dimanche,Digital 23h,32-15-40-62-55,86-07-06-09-45
23/11/2025,Dimanche,Benediction,16-18-49-88-32,50-53-27-15-64
23/11/2025,Dimanche,Prestige,40-39-52-23-59,29-69-78-73-14
23/11/2025,Dimanche,Awale,60-22-75-37-43,36-02-83-13-21
23/11/2025,Dimanche,Espoir,62-72-21-85-22,45-54-69-16-42
22/11/2025,Samedi,Special Weekend 1h,29-37-22-49-47,66-11-14-12-42
22/11/2025,Samedi,Special Weekend 3h,06-14-21-37-03,65-17-29-55-61
22/11/2025,Samedi,Digital Reveil 7h,44-39-73-41-40,18-62-20-89-07
22/11/2025,Samedi,Digital Reveil 8h,48-61-04-10-88,81-22-28-54-12
22/11/2025,Samedi,Digital 21h,82-27-69-62-80,75-39-22-64-25
22/11/2025,Samedi,Digital 22h,11-47-25-63-43,67-36-84-57-46
22/11/2025,Samedi,Digital 23h,30-04-12-86-90,89-13-79-65-55
22/11/2025,Samedi,Soutra,05-83-40-79-67,07-87-85-52-24
22/11/2025,Samedi,Diamant,03-63-70-50-81,68-29-51-83-61
22/11/2025,Samedi,Moaye,62-36-51-89-11,67-03-08-84-23
22/11/2025,Samedi,National,66-04-61-42-86,
21/11/2025,Vendredi,Digital Reveil 7h,68-07-67-17-29,87-59-33-39-28
21/11/2025,Vendredi,Digital Reveil 8h,44-78-84-64-01,43-09-36-61-02
21/11/2025,Vendredi,Digital 21h,07-55-35-05-81,16-13-70-14-45
21/11/2025,Vendredi,Digital 22h,16-68-88-60-25,53-01-61-58-55
21/11/2025,Vendredi,Digital 23h,13-28-44-59-90,63-89-56-78-58
21/11/2025,Vendredi,Cash,81-03-01-70-85,55-76-54-02-28
21/11/2025,Vendredi,Solution,43-46-10-33-49,07-37-50-72-08
21/11/2025,Vendredi,Wari,56-01-39-63-25,34-31-09-24-75
21/11/2025,Vendredi,Friday Bonanza,81-60-33-08-76,
20/11/2025,Jeudi,Digital Reveil 7h,77-09-90-04-05,66-30-63-74-68
20/11/2025,Jeudi,Digital Reveil 8h,10-22-68-67-66,72-54-23-30-04
20/11/2025,Jeudi,Digital 21h,25-22-02-18-80,55-71-34-26-47
20/11/2025,Jeudi,Digital 22h,36-16-38-37-47,54-68-86-39-79
20/11/2025,Jeudi,Digital 23h,17-78-63-23-18,71-31-30-83-52
20/11/2025,Jeudi,Kado,06-40-57-25-04,70-58-31-85-03
20/11/2025,Jeudi,Privilege,68-38-44-59-16,11-22-71-48-60
20/11/2025,Jeudi,Monni,35-33-43-25-22,24-90-59-51-57
20/11/2025,Jeudi,Fortune Thursday,46-26-04-27-35,
19/11/2025,Mercredi,Digital Reveil 7h,13-79-40-16-54,68-28-19-81-27
19/11/2025,Mercredi,Digital Reveil 8h,62-41-90-65-81,63-16-20-48-14
19/11/2025,Mercredi,Digital 21h,22-23-58-79-61,09-05-28-38-89
19/11/2025,Mercredi,Digital 22h,39-25-14-49-04,46-16-84-85-61
19/11/2025,Mercredi,Digital 23h,08-15-69-19-03,48-65-71-18-53
19/11/2025,Mercredi,Premiere Heure,15-47-83-25-23,77-55-11-31-87
19/11/2025,Mercredi,Fortune,02-77-39-70-58,13-03-60-82-22
19/11/2025,Mercredi,Baraka,24-56-90-19-20,66-04-07-25-01
19/11/2025,Mercredi,Midweek,17-53-60-24-09,
18/11/2025,Mardi,Digital Reveil 7h,30-68-51-55-31,75-20-37-24-45
18/11/2025,Mardi,Digital Reveil 8h,13-85-53-57-33,68-38-17-40-09
18/11/2025,Mardi,Digital 21h,29-20-77-53-88,69-36-51-24-42
18/11/2025,Mardi,Digital 22h,38-15-17-20-62,21-90-52-68-80
18/11/2025,Mardi,Digital 23h,20-54-80-07-39,40-18-45-01-41
18/11/2025,Mardi,La Matinale,83-74-11-30-02,37-31-21-72-13
18/11/2025,Mardi,Emergence,34-59-69-83-60,53-48-17-47-33
18/11/2025,Mardi,Sika,32-68-74-02-28,81-36-40-17-12
18/11/2025,Mardi,Lucky Tuesday,81-72-12-89-49,
17/11/2025,Lundi,Digital Reveil 7h,58-37-31-55-48,46-17-43-29-47
17/11/2025,Lundi,Digital Reveil 8h,76-21-01-18-28,68-47-44-05-85
17/11/2025,Lundi,Digital 21h,33-10-60-49-41,35-80-15-02-64
17/11/2025,Lundi,Digital 22h,38-54-78-88-83,07-23-49-62-29
17/11/2025,Lundi,Digital 23h,11-39-47-30-14,33-69-79-03-82
17/11/2025,Lundi,Reveil,40-28-23-76-38,90-66-27-54-73
17/11/2025,Lundi,Etoile,77-21-88-56-17,52-14-47-55-01
17/11/2025,Lundi,Akwaba,78-58-12-14-33,03-66-69-06-68
17/11/2025,Lundi,Monday Special,37-86-35-33-72,
16/11/2025,Dimanche,Special Weekend 1h,07-15-23-10-82,37-40-65-87-77
16/11/2025,Dimanche,Special Weekend 3h,72-50-28-89-46,66-90-22-06-53
16/11/2025,Dimanche,Digital Reveil 7h,49-43-19-39-32,59-29-09-77-34
16/11/2025,Dimanche,Digital Reveil 8h,42-50-69-84-33,72-55-76-67-20
16/11/2025,Dimanche,Digital 21h,25-54-07-70-52,89-47-36-84-87
16/11/2025,Dimanche,Digital 22h,10-88-67-15-28,36-45-78-77-42
16/11/2025,Dimanche,Digital 23h,82-40-09-42-56,11-69-32-55-54
16/11/2025,Dimanche,Benediction,34-90-20-88-75,41-08-76-32-04
16/11/2025,Dimanche,Prestige,01-33-23-24-10,59-17-54-08-65
16/11/2025,Dimanche,Awale,78-36-76-32-42,17-11-84-73-06
16/11/2025,Dimanche,Espoir,20-81-47-34-38,76-90-12-27-21
15/11/2025,Samedi,Special Weekend 1h,34-17-75-60-76,44-25-89-66-58
15/11/2025,Samedi,Special Weekend 3h,42-16-25-17-63,18-30-39-70-65
15/11/2025,Samedi,Digital Reveil 7h,18-25-43-49-47,16-84-11-48-54
15/11/2025,Samedi,Digital Reveil 8h,50-55-70-13-61,72-64-35-09-27
15/11/2025,Samedi,Digital 21h,50-16-84-34-11,37-69-88-33-09
15/11/2025,Samedi,Digital 22h,43-09-04-03-13,60-61-81-18-42
15/11/2025,Samedi,Digital 23h,19-51-18-24-80,65-53-15-06-55
15/11/2025,Samedi,Soutra,66-48-26-61-21,12-16-38-15-55
15/11/2025,Samedi,Diamant,30-33-14-43-16,84-48-83-19-70
15/11/2025,Samedi,Moaye,11-03-79-55-06,22-35-61-09-82
15/11/2025,Samedi,National,65-33-09-73-32,
14/11/2025,Vendredi,Digital Reveil 7h,57-87-66-17-85,61-07-36-40-86
14/11/2025,Vendredi,Digital Reveil 8h,84-65-64-48-74,53-89-80-03-78
14/11/2025,Vendredi,Digital 21h,33-50-54-14-62,27-88-51-34-15
14/11/2025,Vendredi,Digital 22h,17-09-24-74-90,05-26-80-66-27
14/11/2025,Vendredi,Digital 23h,10-18-63-75-53,90-77-73-83-14
14/11/2025,Vendredi,Cash,59-90-53-70-67,63-52-26-75-45
14/11/2025,Vendredi,Solution,37-71-59-69-48,62-15-05-49-90
14/11/2025,Vendredi,Wari,86-54-68-21-70,52-50-53-39-57
14/11/2025,Vendredi,Friday Bonanza,90-79-88-80-68,
13/11/2025,Jeudi,Digital Reveil 7h,17-86-39-51-48,70-90-20-82-52
13/11/2025,Jeudi,Digital Reveil 8h,56-76-50-83-78,88-06-28-23-52
13/11/2025,Jeudi,Digital 21h,65-53-81-39-51,03-72-33-01-55
13/11/2025,Jeudi,Digital 22h,27-68-61-37-13,77-62-52-35-83
13/11/2025,Jeudi,Digital 23h,28-89-60-47-23,32-67-78-88-85
13/11/2025,Jeudi,Kado,61-42-62-52-55,06-37-47-69-16
13/11/2025,Jeudi,Privilege,21-56-11-78-17,09-88-86-01-14
13/11/2025,Jeudi,Monni,40-02-14-79-59,15-89-37-75-13
13/11/2025,Jeudi,Fortune Thursday,02-50-81-56-15,
12/11/2025,Mercredi,Digital Reveil 7h,69-89-04-18-86,63-71-10-48-54
12/11/2025,Mercredi,Digital Reveil 8h,38-58-13-02-40,05-31-23-19-12
12/11/2025,Mercredi,Digital 21h,26-19-04-77-78,37-09-68-64-53
12/11/2025,Mercredi,Digital 22h,01-08-84-59-42,63-80-03-73-61
12/11/2025,Mercredi,Digital 23h,03-70-69-57-80,30-55-44-78-12
12/11/2025,Mercredi,Premiere Heure,84-24-66-53-25,45-82-40-76-55
12/11/2025,Mercredi,Fortune,44-65-69-05-55,77-52-48-19-36
12/11/2025,Mercredi,Baraka,24-06-31-64-11,47-14-80-65-45
12/11/2025,Mercredi,Midweek,76-74-57-48-67,
11/11/2025,Mardi,Digital Reveil 7h,29-55-43-87-24,76-20-39-68-07
11/11/2025,Mardi,Digital Reveil 8h,67-23-55-86-90,37-44-64-33-57
11/11/2025,Mardi,Digital 21h,31-88-15-89-53,39-34-86-32-56
11/11/2025,Mardi,Digital 22h,59-35-76-29-70,20-36-57-30-42
11/11/2025,Mardi,Digital 23h,52-80-10-81-33,29-66-38-77-43
11/11/2025,Mardi,La Matinale,16-70-62-55-65,23-03-53-19-89
11/11/2025,Mardi,Emergence,60-55-82-59-63,90-86-61-47-48
11/11/2025,Mardi,Sika,02-87-68-85-49,47-73-57-82-29
11/11/2025,Mardi,Lucky Tuesday,33-30-59-75-86,
10/11/2025,Lundi,Digital Reveil 7h,48-77-70-66-43,53-49-37-13-25
10/11/2025,Lundi,Digital Reveil 8h,17-54-51-47-49,46-35-23-22-33
10/11/2025,Lundi,Digital 21h,55-85-81-29-71,02-50-43-05-84
10/11/2025,Lundi,Digital 22h,03-88-24-04-13,35-76-67-43-25
10/11/2025,Lundi,Digital 23h,78-35-32-69-55,77-06-18-90-59
10/11/2025,Lundi,Reveil,60-05-51-27-45,83-39-66-42-54
10/11/2025,Lundi,Etoile,68-02-77-23-18,19-85-63-33-37
10/11/2025,Lundi,Akwaba,58-86-17-49-11,02-62-69-36-20
10/11/2025,Lundi,Monday Special,50-62-88-09-24,
09/11/2025,Dimanche,Special Weekend 1h,32-88-65-39-12,45-29-19-49-11
09/11/2025,Dimanche,Special Weekend 3h,54-77-36-35-67,09-19-14-04-46
09/11/2025,Dimanche,Digital Reveil 7h,24-36-79-49-11,55-35-53-33-57
09/11/2025,Dimanche,Digital Reveil 8h,31-21-32-78-26,10-56-66-83-90
09/11/2025,Dimanche,Digital 21h,49-70-46-90-85,15-24-12-32-61
09/11/2025,Dimanche,Digital 22h,18-80-52-45-44,35-66-62-82-40
09/11/2025,Dimanche,Digital 23h,67-37-70-22-12,17-71-72-49-18
09/11/2025,Dimanche,Benediction,26-43-60-62-75,41-46-47-45-64
09/11/2025,Dimanche,Prestige,20-76-86-07-75,35-42-55-54-06
09/11/2025,Dimanche,Awale,05-82-80-53-12,87-01-19-43-32
09/11/2025,Dimanche,Espoir,39-72-11-06-13,31-22-49-43-35
08/11/2025,Samedi,Special Weekend 1h,68-10-38-57-27,45-42-75-73-69
08/11/2025,Samedi,Special Weekend 3h,78-03-68-40-90,49-02-86-27-18
08/11/2025,Samedi,Digital Reveil 7h,16-50-27-73-55,68-66-67-89-19
08/11/2025,Samedi,Digital Reveil 8h,90-28-32-23-34,38-74-10-51-53
08/11/2025,Samedi,Digital 21h,49-03-30-44-51,32-13-83-56-19
08/11/2025,Samedi,Digital 22h,44-79-64-58-61,54-62-22-09-28
08/11/2025,Samedi,Digital 23h,51-76-82-33-90,80-66-79-54-41
08/11/2025,Samedi,Soutra,05-68-55-20-48,72-36-69-21-58
08/11/2025,Samedi,Diamant,19-28-51-75-09,07-41-34-84-17
08/11/2025,Samedi,Moaye,59-76-23-09-44,24-47-32-69-53
08/11/2025,Samedi,National,17-42-11-75-89,
07/11/2025,Vendredi,Digital Reveil 7h,61-79-07-43-50,53-09-38-06-58
07/11/2025,Vendredi,Digital Reveil 8h,35-49-09-59-76,65-85-58-88-73
07/11/2025,Vendredi,Digital 21h,20-35-88-51-19,10-12-62-77-79
07/11/2025,Vendredi,Digital 22h,12-78-06-36-14,48-71-38-62-86
07/11/2025,Vendredi,Digital 23h,13-21-10-86-18,53-84-57-34-83
07/11/2025,Vendredi,Cash,15-03-69-30-70,77-80-62-49-53
07/11/2025,Vendredi,Solution,55-73-82-40-81,03-26-78-57-12
07/11/2025,Vendredi,Wari,06-30-72-86-45,12-49-20-17-05
07/11/2025,Vendredi,Friday Bonanza,46-60-01-17-64,
06/11/2025,Jeudi,Digital Reveil 7h,18-09-84-26-22,07-33-71-50-12
06/11/2025,Jeudi,Digital Reveil 8h,59-76-42-17-90,79-21-35-81-03
06/11/2025,Jeudi,Digital 21h,31-09-89-53-90,41-34-83-65-58
06/11/2025,Jeudi,Digital 22h,35-48-14-74-36,11-10-13-86-32
06/11/2025,Jeudi,Digital 23h,72-53-49-34-85,36-70-66-77-07
06/11/2025,Jeudi,Kado,06-84-40-21-51,69-61-72-07-75
06/11/2025,Jeudi,Privilege,75-51-33-39-60,86-25-55-84-68
06/11/2025,Jeudi,Monni,60-25-44-06-42,01-18-84-02-58
06/11/2025,Jeudi,Fortune Thursday,32-31-46-65-17,
05/11/2025,Mercredi,Digital Reveil 7h,16-02-59-66-29,38-90-18-46-89
05/11/2025,Mercredi,Digital Reveil 8h,22-48-64-46-07,18-36-72-05-06
05/11/2025,Mercredi,Digital 21h,19-75-13-88-80,55-82-14-44-52
05/11/2025,Mercredi,Digital 22h,10-18-74-41-56,76-14-42-82-07
05/11/2025,Mercredi,Digital 23h,44-73-75-22-14,86-21-55-48-11
05/11/2025,Mercredi,Premiere Heure,80-81-23-57-55,37-15-34-04-54
05/11/2025,Mercredi,Fortune,09-28-45-18-12,63-01-50-42-31
05/11/2025,Mercredi,Baraka,15-41-62-63-88,18-11-66-14-34
05/11/2025,Mercredi,Midweek,78-61-10-18-40,
04/11/2025,Mardi,Digital Reveil 7h,45-88-13-15-55,17-18-40-68-79
04/11/2025,Mardi,Digital Reveil 8h,82-41-03-11-19,33-80-90-55-17
04/11/2025,Mardi,Digital 21h,79-46-03-35-78,64-19-18-69-56
04/11/2025,Mardi,Digital 22h,70-45-14-87-75,65-04-44-40-02
04/11/2025,Mardi,Digital 23h,51-06-78-17-29,25-90-23-66-72
04/11/2025,Mardi,La Matinale,71-58-14-10-35,01-68-46-31-12
04/11/2025,Mardi,Emergence,88-68-18-30-19,70-54-61-09-15
04/11/2025,Mardi,Sika,55-85-77-35-42,20-21-09-58-47
04/11/2025,Mardi,Lucky Tuesday,78-22-01-68-63,
03/11/2025,Lundi,Digital Reveil 7h,13-02-45-19-28,12-71-22-01-55
03/11/2025,Lundi,Digital Reveil 8h,79-87-02-22-17,54-83-59-85-33
03/11/2025,Lundi,Digital 21h,43-08-49-11-29,44-55-15-73-13
03/11/2025,Lundi,Digital 22h,80-67-47-25-61,20-21-12-59-30
03/11/2025,Lundi,Digital 23h,15-60-57-12-67,76-26-36-74-40
03/11/2025,Lundi,Reveil,08-42-69-22-04,41-54-61-71-02
03/11/2025,Lundi,Etoile,86-72-41-14-78,82-52-39-05-53
03/11/2025,Lundi,Akwaba,30-10-67-05-09,78-24-41-71-14
03/11/2025,Lundi,Monday Special,32-21-56-14-57,
02/11/2025,Dimanche,Special Weekend 1h,75-76-64-45-88,27-85-90-84-12
02/11/2025,Dimanche,Special Weekend 3h,25-54-22-85-49,19-27-07-44-41
02/11/2025,Dimanche,Digital Reveil 7h,49-87-51-75-31,88-27-39-16-05
02/11/2025,Dimanche,Digital Reveil 8h,24-49-35-55-69,34-31-70-76-28
02/11/2025,Dimanche,Digital 21h,66-81-77-20-59,40-47-13-49-68
02/11/2025,Dimanche,Digital 22h,72-57-27-68-31,03-40-42-41-19
02/11/2025,Dimanche,Digital 23h,58-90-07-88-02,65-63-71-14-74
02/11/2025,Dimanche,Benediction,74-23-87-45-55,07-15-77-43-90
02/11/2025,Dimanche,Prestige,34-58-45-24-60,11-08-56-77-51
02/11/2025,Dimanche,Awale,02-72-13-50-03,16-59-51-36-21
02/11/2025,Dimanche,Espoir,73-57-08-35-41,07-56-29-79-33
01/11/2025,Samedi,Special Weekend 1h,03-47-55-46-57,12-37-83-50-43
01/11/2025,Samedi,Special Weekend 3h,51-52-90-26-82,70-56-42-41-29
01/11/2025,Samedi,Digital Reveil 7h,66-36-43-24-10,27-59-64-79-68
01/11/2025,Samedi,Digital Reveil 8h,83-10-20-53-79,77-12-62-17-55
01/11/2025,Samedi,Digital 21h,54-55-01-18-71,15-70-81-16-59
01/11/2025,Samedi,Digital 22h,20-84-71-86-56,33-81-76-18-14
01/11/2025,Samedi,Digital 23h,25-45-56-24-13,35-26-23-01-59
01/11/2025,Samedi,Soutra,37-52-43-58-68,80-48-10-04-54
01/11/2025,Samedi,Diamant,90-52-71-75-16,67-06-72-61-35
01/11/2025,Samedi,Moaye,90-86-06-46-42,38-67-05-27-73
01/11/2025,Samedi,National,29-12-04-42-20,
31/10/2025,Vendredi,Digital Reveil 7h,77-72-32-51-61,59-50-83-69-70
31/10/2025,Vendredi,Digital Reveil 8h,05-24-66-21-41,36-77-78-42-71
31/10/2025,Vendredi,Digital 21h,76-37-46-66-34,64-86-72-89-20
31/10/2025,Vendredi,Digital 22h,16-18-56-13-88,74-81-58-72-36
31/10/2025,Vendredi,Digital 23h,15-16-27-01-84,78-52-47-17-59
31/10/2025,Vendredi,Cash,68-31-17-32-64,56-30-37-88-67
31/10/2025,Vendredi,Solution,87-40-27-08-85,23-45-48-01-28
31/10/2025,Vendredi,Wari,29-44-09-30-20,08-84-89-68-77
31/10/2025,Vendredi,Friday Bonanza,24-62-80-17-64,
30/10/2025,Jeudi,Digital Reveil 7h,50-02-49-05-63,87-79-54-42-56
30/10/2025,Jeudi,Digital Reveil 8h,14-84-48-23-80,25-24-88-87-55
30/10/2025,Jeudi,Digital 21h,62-32-71-54-03,31-84-21-87-26
30/10/2025,Jeudi,Digital 22h,78-51-54-60-71,43-05-49-65-28
30/10/2025,Jeudi,Digital 23h,42-31-55-15-58,37-81-57-43-82
30/10/2025,Jeudi,Kado,74-82-90-54-62,40-52-43-13-01
30/10/2025,Jeudi,Privilege,57-47-27-30-32,26-85-07-76-35
30/10/2025,Jeudi,Monni,03-06-79-02-16,86-69-52-55-62
30/10/2025,Jeudi,Fortune Thursday,45-06-71-12-13,
29/10/2025,Mercredi,Digital Reveil 7h,90-05-32-37-65,13-14-35-87-67
29/10/2025,Mercredi,Digital Reveil 8h,06-69-88-72-49,04-18-90-12-63
29/10/2025,Mercredi,Digital 21h,56-60-70-89-90,18-68-29-19-06
29/10/2025,Mercredi,Digital 22h,76-29-54-86-09,87-43-37-46-74
29/10/2025,Mercredi,Digital 23h,65-68-55-88-24,32-09-11-42-13
29/10/2025,Mercredi,Premiere Heure,07-59-22-65-72,16-09-25-15-90
29/10/2025,Mercredi,Fortune,33-17-63-25-21,38-85-89-83-36
29/10/2025,Mercredi,Baraka,49-36-65-21-55,53-29-42-03-18
29/10/2025,Mercredi,Midweek,43-04-21-33-46,
28/10/2025,Mardi,Digital Reveil 7h,73-51-75-62-28,29-33-39-65-31
28/10/2025,Mardi,Digital Reveil 8h,11-25-29-35-52,17-55-01-66-02
28/10/2025,Mardi,Digital 21h,74-04-66-53-02,43-78-05-31-14
28/10/2025,Mardi,Digital 22h,67-61-32-24-75,55-88-81-02-79
28/10/2025,Mardi,Digital 23h,13-06-68-10-79,84-42-40-44-55
28/10/2025,Mardi,La Matinale,36-56-46-52-19,28-82-72-30-01
28/10/2025,Mardi,Emergence,40-33-04-45-88,13-30-27-19-43
28/10/2025,Mardi,Sika,40-04-15-76-46,49-89-55-84-36
28/10/2025,Mardi,Lucky Tuesday,29-64-36-67-04,
27/10/2025,Lundi,Digital Reveil 7h,49-09-32-62-63,56-12-73-08-19
27/10/2025,Lundi,Digital Reveil 8h,51-88-83-50-47,53-85-72-29-71
27/10/2025,Lundi,Digital 21h,44-58-86-17-69,08-12-10-49-42
27/10/2025,Lundi,Digital 22h,88-76-47-10-84,36-71-17-04-79
27/10/2025,Lundi,Digital 23h,59-17-37-10-66,27-40-13-39-87
27/10/2025,Lundi,Reveil,13-31-24-44-79,38-61-63-54-08
27/10/2025,Lundi,Etoile,35-12-15-64-86,67-52-90-17-23
27/10/2025,Lundi,Akwaba,05-88-44-66-36,07-65-34-61-64
27/10/2025,Lundi,Monday Special,58-89-12-76-16,
26/10/2025,Dimanche,Special Weekend 1h,33-73-48-10-49,81-80-46-88-16
26/10/2025,Dimanche,Special Weekend 3h,02-23-88-83-19,62-61-49-78-18
26/10/2025,Dimanche,Digital Reveil 7h,48-33-03-90-04,81-13-60-09-38
26/10/2025,Dimanche,Digital Reveil 8h,11-02-54-50-03,19-27-68-25-16
26/10/2025,Dimanche,Digital 21h,61-41-07-50-81,23-40-29-83-71
26/10/2025,Dimanche,Digital 22h,82-71-69-05-74,67-76-70-64-39
26/10/2025,Dimanche,Digital 23h,57-47-88-78-07,85-19-21-63-67
26/10/2025,Dimanche,Benediction,83-12-18-73-51,13-54-80-77-90
26/10/2025,Dimanche,Prestige,06-83-44-43-08,21-56-89-19-05
26/10/2025,Dimanche,Awale,33-27-26-77-34,55-74-67-13-10
26/10/2025,Dimanche,Espoir,15-08-48-45-55,17-73-59-62-71
25/10/2025,Samedi,Special Weekend 1h,53-05-13-03-90,40-24-20-26-02
25/10/2025,Samedi,Special Weekend 3h,04-35-20-22-79,62-27-54-25-01
25/10/2025,Samedi,Digital Reveil 7h,88-10-76-26-51,56-44-08-42-07
25/10/2025,Samedi,Digital Reveil 8h,76-69-20-66-29,38-82-87-46-88
25/10/2025,Samedi,Digital 21h,03-79-33-85-67,35-77-66-17-07
25/10/2025,Samedi,Digital 22h,24-32-18-82-77,84-38-27-70-87
25/10/2025,Samedi,Digital 23h,34-10-07-80-22,69-87-54-14-37
25/10/2025,Samedi,Soutra,48-10-70-53-50,18-39-16-65-84
25/10/2025,Samedi,Diamant,80-79-32-90-24,16-85-48-52-09
25/10/2025,Samedi,Moaye,72-65-64-56-49,74-51-28-20-29
25/10/2025,Samedi,National,24-16-29-69-14,
24/10/2025,Vendredi,Digital Reveil 7h,85-13-33-03-88,83-64-39-90-80
24/10/2025,Vendredi,Digital Reveil 8h,60-29-72-89-59,85-22-64-31-73
24/10/2025,Vendredi,Digital 21h,19-90-04-48-60,67-11-81-75-09
24/10/2025,Vendredi,Digital 22h,48-76-64-73-67,60-22-01-46-35
24/10/2025,Vendredi,Digital 23h,10-08-79-49-51,34-69-87-05-64
24/10/2025,Vendredi,Cash,48-54-09-76-66,50-01-42-86-61
24/10/2025,Vendredi,Solution,40-85-47-13-74,76-09-60-54-89
24/10/2025,Vendredi,Wari,84-36-47-56-39,65-38-61-71-29
24/10/2025,Vendredi,Friday Bonanza,86-79-35-30-65,
23/10/2025,Jeudi,Digital Reveil 7h,65-23-45-19-30,54-24-35-48-37
23/10/2025,Jeudi,Digital Reveil 8h,10-44-02-71-30,70-61-42-79-06
23/10/2025,Jeudi,Digital 21h,18-83-17-42-58,68-11-25-47-80
23/10/2025,Jeudi,Digital 22h,70-71-64-55-88,54-52-46-83-56
23/10/2025,Jeudi,Digital 23h,66-90-34-08-71,73-85-70-17-79
23/10/2025,Jeudi,Kado,29-57-72-28-21,43-38-53-56-40
23/10/2025,Jeudi,Privilege,04-29-40-51-31,43-76-23-65-75
23/10/2025,Jeudi,Monni,80-54-50-28-64,09-88-83-27-75
23/10/2025,Jeudi,Fortune Thursday,17-19-68-03-84,
22/10/2025,Mercredi,Digital Reveil 7h,27-89-72-53-45,42-10-49-62-86
22/10/2025,Mercredi,Digital Reveil 8h,04-63-51-13-84,11-34-22-48-45
22/10/2025,Mercredi,Digital 21h,46-27-04-26-05,45-44-33-86-83
22/10/2025,Mercredi,Digital 22h,87-52-25-57-54,33-23-73-05-56
22/10/2025,Mercredi,Digital 23h,64-30-21-44-89,15-10-09-88-63
22/10/2025,Mercredi,Premiere Heure,44-34-80-73-88,72-21-17-50-11
22/10/2025,Mercredi,Fortune,25-44-77-66-84,75-45-88-32-19
22/10/2025,Mercredi,Baraka,31-40-16-02-32,84-86-60-26-15
22/10/2025,Mercredi,Midweek,83-21-79-88-84,
21/10/2025,Mardi,Digital Reveil 7h,08-59-48-58-01,27-76-26-25-31
21/10/2025,Mardi,Digital Reveil 8h,44-46-62-57-88,09-49-38-53-52
21/10/2025,Mardi,Digital 21h,76-32-03-46-51,52-25-88-11-55
21/10/2025,Mardi,Digital 22h,23-06-53-21-13,46-10-85-25-01
21/10/2025,Mardi,Digital 23h,79-87-68-49-69,65-64-86-83-47
21/10/2025,Mardi,La Matinale,37-13-41-10-04,43-90-66-53-81
21/10/2025,Mardi,Emergence,71-88-12-79-37,90-55-52-20-49
21/10/2025,Mardi,Sika,80-25-01-44-58,73-43-78-86-21
21/10/2025,Mardi,Lucky Tuesday,58-20-41-44-65,
20/10/2025,Lundi,Digital Reveil 7h,24-73-66-14-67,52-86-51-80-36
20/10/2025,Lundi,Digital Reveil 8h,10-54-20-04-79,73-46-28-03-84
20/10/2025,Lundi,Digital 21h,48-28-80-11-36,30-83-86-05-52
20/10/2025,Lundi,Digital 22h,20-32-44-43-17,22-23-57-33-05
20/10/2025,Lundi,Digital 23h,38-84-88-75-72,52-78-63-65-90
20/10/2025,Lundi,Reveil,50-88-56-23-44,02-27-48-13-61
20/10/2025,Lundi,Etoile,80-15-76-88-01,83-67-63-12-55
20/10/2025,Lundi,Akwaba,84-29-32-10-47,62-83-80-12-68
20/10/2025,Lundi,Monday Special,40-75-88-23-39,
19/10/2025,Dimanche,Special Weekend 1h,62-03-34-21-61,33-39-22-10-23
19/10/2025,Dimanche,Special Weekend 3h,44-71-81-43-65,01-24-02-07-66
19/10/2025,Dimanche,Digital Reveil 7h,39-09-16-41-04,61-67-81-85-78
19/10/2025,Dimanche,Digital Reveil 8h,34-21-11-71-10,66-81-40-39-22
19/10/2025,Dimanche,Digital 21h,75-33-59-48-15,60-67-61-30-14
19/10/2025,Dimanche,Digital 22h,40-46-03-71-82,25-19-22-58-30
19/10/2025,Dimanche,Digital 23h,20-66-34-61-71,50-38-46-85-80
19/10/2025,Dimanche,Benediction,69-68-46-34-18,85-71-36-49-80
19/10/2025,Dimanche,Prestige,77-17-32-50-83,44-84-15-78-41
19/10/2025,Dimanche,Awale,38-20-88-39-74,69-85-34-63-10
19/10/2025,Dimanche,Espoir,01-60-69-10-55,12-86-03-50-38
18/10/2025,Samedi,Special Weekend 1h,62-69-79-30-64,63-09-19-60-57
18/10/2025,Samedi,Special Weekend 3h,72-29-18-14-26,56-36-78-41-85
18/10/2025,Samedi,Digital Reveil 7h,66-08-28-50-82,89-84-59-85-03
18/10/2025,Samedi,Digital Reveil 8h,28-86-87-85-75,70-59-15-27-62
18/10/2025,Samedi,Digital 21h,40-76-01-89-18,57-35-88-43-58
18/10/2025,Samedi,Digital 22h,06-57-07-87-31,85-60-58-84-08
18/10/2025,Samedi,Digital 23h,19-81-34-78-60,83-14-35-51-30
18/10/2025,Samedi,Soutra,81-38-83-53-55,04-35-45-85-17
18/10/2025,Samedi,Diamant,62-50-75-02-52,80-70-77-22-20
18/10/2025,Samedi,Moaye,68-31-23-47-05,38-09-17-52-56
18/10/2025,Samedi,National,34-56-87-90-35,
17/10/2025,Vendredi,Digital Reveil 7h,31-84-51-28-13,18-66-60-55-15
17/10/2025,Vendredi,Digital Reveil 8h,21-06-77-01-22,43-44-80-09-35
17/10/2025,Vendredi,Digital 21h,32-79-78-14-06,55-67-15-27-63
17/10/2025,Vendredi,Digital 22h,34-72-46-55-43,65-74-71-25-80
17/10/2025,Vendredi,Digital 23h,81-87-16-84-19,45-86-03-66-14
17/10/2025,Vendredi,Cash,63-73-32-81-41,43-53-79-08-29
17/10/2025,Vendredi,Solution,10-80-64-57-41,56-58-30-07-73
17/10/2025,Vendredi,Wari,70-25-33-35-47,68-22-28-05-11
17/10/2025,Vendredi,Friday Bonanza,18-80-41-67-22,
16/10/2025,Jeudi,Digital Reveil 7h,21-44-58-17-19,46-01-86-83-78
16/10/2025,Jeudi,Digital Reveil 8h,84-76-19-81-11,10-71-41-22-69
16/10/2025,Jeudi,Digital 21h,50-20-51-79-44,24-68-89-62-41
16/10/2025,Jeudi,Digital 22h,17-39-77-51-89,40-02-08-49-50
16/10/2025,Jeudi,Digital 23h,47-29-40-46-77,03-74-90-26-02
16/10/2025,Jeudi,Kado,78-35-02-17-88,01-84-61-22-75
16/10/2025,Jeudi,Privilege,06-86-47-37-35,31-78-14-21-39
16/10/2025,Jeudi,Monni,53-41-67-73-22,77-42-05-46-83
16/10/2025,Jeudi,Fortune Thursday,44-73-06-81-62,
15/10/2025,Mercredi,Digital Reveil 7h,23-89-01-31-18,35-64-03-79-22
15/10/2025,Mercredi,Digital Reveil 8h,14-18-01-67-40,37-38-62-15-13
15/10/2025,Mercredi,Digital 21h,48-70-61-88-79,50-73-32-30-35
15/10/2025,Mercredi,Digital 22h,67-21-40-27-77,42-75-61-78-07
15/10/2025,Mercredi,Digital 23h,13-51-04-50-44,52-57-82-28-36
15/10/2025,Mercredi,Premiere Heure,09-25-65-13-11,86-44-81-83-48
15/10/2025,Mercredi,Fortune,23-79-43-75-38,80-44-14-47-57
15/10/2025,Mercredi,Baraka,60-43-04-78-62,32-22-42-40-68
15/10/2025,Mercredi,Midweek,84-85-20-33-36,
14/10/2025,Mardi,Digital Reveil 7h,04-88-23-31-14,60-39-84-65-22
14/10/2025,Mardi,Digital Reveil 8h,13-77-45-71-05,37-10-12-27-46
14/10/2025,Mardi,Digital 21h,15-18-70-23-22,86-58-31-12-44
14/10/2025,Mardi,Digital 22h,45-09-44-66-36,77-58-29-22-86
14/10/2025,Mardi,Digital 23h,19-38-50-11-85,16-84-66-53-31
14/10/2025,Mardi,La Matinale,44-31-85-21-23,10-02-48-37-61
14/10/2025,Mardi,Emergence,51-29-84-04-77,59-46-44-18-90
14/10/2025,Mardi,Sika,47-30-68-81-33,89-23-16-45-75
14/10/2025,Mardi,Lucky Tuesday,38-63-18-76-85,
13/10/2025,Lundi,Digital Reveil 7h,51-48-28-08-61,88-74-42-46-29
13/10/2025,Lundi,Digital Reveil 8h,59-03-89-37-71,41-72-48-68-16
13/10/2025,Lundi,Digital 21h,28-80-66-49-58,10-48-15-85-03
13/10/2025,Lundi,Digital 22h,13-49-40-85-37,29-46-69-52-63
13/10/2025,Lundi,Digital 23h,61-87-88-44-81,80-82-86-21-19
13/10/2025,Lundi,Reveil,23-61-37-28-86,81-18-79-02-13
13/10/2025,Lundi,Etoile,42-75-79-43-62,14-48-89-57-73
13/10/2025,Lundi,Akwaba,47-80-46-85-68,54-10-52-25-02
13/10/2025,Lundi,Monday Special,38-69-28-87-31,
12/10/2025,Dimanche,Special Weekend 1h,56-31-58-36-59,65-89-71-77-79
12/10/2025,Dimanche,Special Weekend 3h,50-86-75-45-21,56-49-55-11-59
12/10/2025,Dimanche,Digital Reveil 7h,44-01-38-49-68,43-31-82-22-71
12/10/2025,Dimanche,Digital Reveil 8h,19-17-25-08-85,64-07-82-33-57
12/10/2025,Dimanche,Digital 21h,59-06-01-49-25,23-24-22-74-82
12/10/2025,Dimanche,Digital 22h,69-51-33-42-10,54-30-28-74-79
12/10/2025,Dimanche,Digital 23h,31-28-12-26-71,41-90-77-78-05
12/10/2025,Dimanche,Benediction,58-43-82-17-39,63-01-62-53-37
12/10/2025,Dimanche,Prestige,32-25-86-47-61,72-38-28-41-65
12/10/2025,Dimanche,Awale,79-04-78-50-30,34-72-54-82-33
12/10/2025,Dimanche,Espoir,86-90-27-57-35,72-16-61-78-36
11/10/2025,Samedi,Special Weekend 1h,53-49-13-89-86,16-90-76-23-15
11/10/2025,Samedi,Special Weekend 3h,39-08-51-10-22,65-18-15-75-02
11/10/2025,Samedi,Digital Reveil 7h,16-41-05-25-72,88-90-31-13-42
11/10/2025,Samedi,Digital Reveil 8h,14-38-61-10-09,89-75-22-47-72
11/10/2025,Samedi,Digital 21h,28-71-35-85-17,84-11-79-62-45
11/10/2025,Samedi,Digital 22h,67-52-57-45-28,69-58-07-54-86
11/10/2025,Samedi,Digital 23h,59-71-32-41-40,72-43-90-56-03
11/10/2025,Samedi,Soutra,56-78-63-64-79,19-90-59-30-21
11/10/2025,Samedi,Diamant,51-89-83-02-62,66-23-34-90-57
11/10/2025,Samedi,Moaye,04-73-22-02-08,10-82-90-43-87
11/10/2025,Samedi,National,53-29-67-61-19,
10/10/2025,Vendredi,Digital Reveil 7h,28-65-05-66-75,03-10-34-16-43
10/10/2025,Vendredi,Digital Reveil 8h,58-48-23-21-47,62-81-26-69-44
10/10/2025,Vendredi,Digital 21h,74-11-56-25-88,70-77-02-71-18
10/10/2025,Vendredi,Digital 22h,16-46-66-68-76,79-31-63-88-51
10/10/2025,Vendredi,Digital 23h,90-06-23-53-57,86-87-58-25-47
10/10/2025,Vendredi,Cash,71-75-83-55-20,88-31-49-86-85
10/10/2025,Vendredi,Solution,05-66-04-49-61,16-89-35-55-26
10/10/2025,Vendredi,Wari,54-33-65-53-64,24-03-48-04-22
10/10/2025,Vendredi,Friday Bonanza,73-63-68-29-35,
09/10/2025,Jeudi,Digital Reveil 7h,53-67-77-21-63,03-18-72-05-79
09/10/2025,Jeudi,Digital Reveil 8h,11-28-18-40-56,52-35-77-22-37
09/10/2025,Jeudi,Digital 21h,43-18-20-09-14,67-89-25-50-33
09/10/2025,Jeudi,Digital 22h,36-32-07-88-59,52-20-30-18-24
09/10/2025,Jeudi,Digital 23h,89-17-20-34-47,43-08-60-84-79
09/10/2025,Jeudi,Kado,03-20-32-40-59,62-74-31-88-15
09/10/2025,Jeudi,Privilege,40-59-82-31-23,13-24-78-27-02
09/10/2025,Jeudi,Monni,14-78-71-38-77,10-09-37-01-49
09/10/2025,Jeudi,Fortune Thursday,15-44-39-31-89,
08/10/2025,Mercredi,Digital Reveil 7h,19-74-10-14-80,67-17-77-42-29
08/10/2025,Mercredi,Digital Reveil 8h,18-29-80-76-09,20-43-82-11-77
08/10/2025,Mercredi,Digital 21h,49-18-61-22-39,12-67-76-27-08
08/10/2025,Mercredi,Digital 22h,89-64-20-57-07,61-56-18-63-32
08/10/2025,Mercredi,Digital 23h,84-72-54-85-30,55-67-41-52-14
08/10/2025,Mercredi,Premiere Heure,44-82-25-18-36,70-13-31-83-05
08/10/2025,Mercredi,Fortune,14-88-21-16-63,43-20-69-68-27
08/10/2025,Mercredi,Baraka,38-77-57-37-58,80-08-61-22-56
08/10/2025,Mercredi,Midweek,01-02-60-74-15,
07/10/2025,Mardi,Digital Reveil 7h,70-51-68-37-65,90-69-19-52-45
07/10/2025,Mardi,Digital Reveil 8h,60-68-43-17-40,52-25-77-62-05
07/10/2025,Mardi,Digital 21h,41-26-57-71-53,68-29-22-66-05
07/10/2025,Mardi,Digital 22h,54-65-70-44-16,19-52-68-86-17
07/10/2025,Mardi,Digital 23h,65-17-41-01-45,68-24-86-12-73
07/10/2025,Mardi,La Matinale,16-01-25-37-73,54-79-09-19-10
07/10/2025,Mardi,Emergence,54-38-63-33-70,17-35-47-14-80
07/10/2025,Mardi,Sika,78-42-19-50-05,21-51-12-09-58
07/10/2025,Mardi,Lucky Tuesday,86-26-51-73-06,
06/10/2025,Lundi,Digital Reveil 7h,74-26-37-42-39,85-17-03-75-83
06/10/2025,Lundi,Digital Reveil 8h,10-45-63-02-04,27-15-53-58-66
06/10/2025,Lundi,Digital 21h,69-57-36-46-73,89-33-43-16-87
06/10/2025,Lundi,Digital 22h,41-01-14-52-06,42-08-60-12-28
06/10/2025,Lundi,Digital 23h,87-57-40-85-89,42-83-90-34-26
06/10/2025,Lundi,Reveil,70-02-01-26-60,78-07-47-05-42
06/10/2025,Lundi,Etoile,49-31-65-45-59,80-16-74-75-60
06/10/2025,Lundi,Akwaba,08-74-06-24-51,17-59-70-61-64
06/10/2025,Lundi,Monday Special,55-25-74-13-01,
05/10/2025,Dimanche,Special Weekend 1h,74-57-14-69-34,36-42-33-61-85
05/10/2025,Dimanche,Special Weekend 3h,02-66-56-47-30,43-27-15-32-21
05/10/2025,Dimanche,Digital Reveil 7h,02-13-71-79-88,10-17-35-89-34
05/10/2025,Dimanche,Digital Reveil 8h,87-05-31-33-34,79-09-16-29-54
05/10/2025,Dimanche,Digital 21h,67-38-40-64-19,66-76-51-68-30
05/10/2025,Dimanche,Digital 22h,83-76-04-28-41,53-24-50-13-02
05/10/2025,Dimanche,Digital 23h,55-14-79-64-51,43-01-86-76-34
05/10/2025,Dimanche,Benediction,81-51-04-68-45,60-15-59-10-27
05/10/2025,Dimanche,Prestige,08-03-13-63-22,55-46-71-85-23
05/10/2025,Dimanche,Awale,63-60-38-74-07,22-20-42-71-66
05/10/2025,Dimanche,Espoir,04-70-49-62-37,33-32-01-16-63
04/10/2025,Samedi,Special Weekend 1h,18-32-14-11-28,45-42-62-43-84
04/10/2025,Samedi,Special Weekend 3h,64-81-86-01-83,70-24-15-11-48
04/10/2025,Samedi,Digital Reveil 7h,16-22-49-78-44,13-80-38-82-24
04/10/2025,Samedi,Digital Reveil 8h,06-61-42-26-76,72-82-66-40-87
04/10/2025,Samedi,Digital 21h,51-81-11-66-43,33-87-54-72-03
04/10/2025,Samedi,Digital 22h,69-15-84-40-33,25-72-78-31-63
04/10/2025,Samedi,Digital 23h,04-64-45-57-69,41-11-81-86-72
04/10/2025,Samedi,Soutra,85-11-07-35-90,33-25-16-52-74
04/10/2025,Samedi,Diamant,14-46-76-21-12,90-25-75-72-07
04/10/2025,Samedi,Moaye,35-04-84-79-71,77-66-80-29-51
04/10/2025,Samedi,National,79-69-28-48-33,
03/10/2025,Vendredi,Digital Reveil 7h,75-34-86-19-07,55-62-69-60-06
03/10/2025,Vendredi,Digital Reveil 8h,13-76-88-64-34,15-19-90-41-87
03/10/2025,Vendredi,Digital 21h,01-64-11-70-14,74-08-66-10-72
03/10/2025,Vendredi,Digital 22h,17-37-11-80-60,08-10-14-49-57
03/10/2025,Vendredi,Digital 23h,20-12-48-18-34,84-09-42-14-44
03/10/2025,Vendredi,Cash,72-29-16-63-81,42-12-31-58-08
03/10/2025,Vendredi,Solution,57-35-23-08-58,77-82-12-79-28
03/10/2025,Vendredi,Wari,12-01-14-17-47,26-27-03-65-55
03/10/2025,Vendredi,Friday Bonanza,43-62-02-90-66,
02/10/2025,Jeudi,Digital Reveil 7h,29-41-22-09-08,40-59-19-30-27
02/10/2025,Jeudi,Digital Reveil 8h,02-85-26-08-68,50-81-41-19-38
02/10/2025,Jeudi,Digital 21h,24-77-40-04-36,07-42-88-12-11
02/10/2025,Jeudi,Digital 22h,07-83-10-66-26,23-24-49-79-31
02/10/2025,Jeudi,Digital 23h,68-19-42-83-80,56-69-47-65-35
02/10/2025,Jeudi,Kado,27-25-39-55-86,58-84-12-20-79
02/10/2025,Jeudi,Privilege,86-04-33-17-90,20-77-73-70-53
02/10/2025,Jeudi,Monni,89-65-50-82-31,55-39-29-43-21
02/10/2025,Jeudi,Fortune Thursday,38-57-69-47-02,
01/10/2025,Mercredi,Digital Reveil 7h,55-09-54-12-30,63-10-25-83-49
01/10/2025,Mercredi,Digital Reveil 8h,09-14-41-78-47,55-45-16-67-43
01/10/2025,Mercredi,Digital 21h,90-71-23-60-88,10-69-05-83-74
01/10/2025,Mercredi,Digital 22h,33-36-69-68-27,32-47-54-72-28
01/10/2025,Mercredi,Digital 23h,36-20-58-02-32,11-77-80-06-27
01/10/2025,Mercredi,Premiere Heure,86-05-60-58-09,71-51-54-90-31
01/10/2025,Mercredi,Fortune,08-77-39-81-89,33-45-61-32-09
01/10/2025,Mercredi,Baraka,57-59-42-83-48,89-45-49-03-16
01/10/2025,Mercredi,Midweek,82-15-55-67-47,
30/09/2025,Mardi,Digital Reveil 7h,36-88-43-18-38,47-60-51-52-19
30/09/2025,Mardi,Digital Reveil 8h,44-16-10-24-13,52-50-33-02-55
30/09/2025,Mardi,Digital 21h,74-82-61-79-71,45-50-30-70-80
30/09/2025,Mardi,Digital 22h,85-73-58-63-76,51-54-67-79-15
30/09/2025,Mardi,Digital 23h,06-49-87-21-51,08-73-44-03-47
30/09/2025,Mardi,La Matinale,71-30-11-45-44,88-38-65-69-09
30/09/2025,Mardi,Emergence,66-90-29-86-07,37-26-52-36-23
30/09/2025,Mardi,Sika,79-46-13-40-36,57-87-31-37-09
30/09/2025,Mardi,Lucky Tuesday,11-69-64-35-78,
29/09/2025,Lundi,Digital Reveil 7h,12-42-03-11-06,02-17-18-86-37
29/09/2025,Lundi,Digital Reveil 8h,40-85-63-43-76,08-29-89-53-31
29/09/2025,Lundi,Digital 21h,18-53-21-01-05,88-46-35-64-66
29/09/2025,Lundi,Digital 22h,51-79-66-13-31,62-44-76-19-38
29/09/2025,Lundi,Digital 23h,61-15-08-66-50,65-59-29-01-77
29/09/2025,Lundi,Reveil,89-67-82-32-20,59-04-26-45-42
29/09/2025,Lundi,Etoile,80-03-42-62-29,19-34-41-10-27
29/09/2025,Lundi,Akwaba,21-86-06-57-73,25-34-30-42-16
29/09/2025,Lundi,Monday Special,19-67-08-37-49,
28/09/2025,Dimanche,Special Weekend 1h,34-28-87-76-59,62-63-17-24-86
28/09/2025,Dimanche,Special Weekend 3h,85-79-31-13-02,16-90-23-72-08
28/09/2025,Dimanche,Digital Reveil 7h,20-42-89-09-55,76-41-33-67-04
28/09/2025,Dimanche,Digital Reveil 8h,20-88-87-64-10,24-08-27-25-15
28/09/2025,Dimanche,Digital 21h,49-04-88-08-17,84-38-19-33-11
28/09/2025,Dimanche,Digital 22h,88-14-20-17-71,60-38-09-21-90
28/09/2025,Dimanche,Digital 23h,27-26-28-70-04,02-22-51-25-52
28/09/2025,Dimanche,Benediction,70-36-41-14-03,21-82-67-44-89
28/09/2025,Dimanche,Prestige,79-54-42-24-63,36-73-12-75-55
28/09/2025,Dimanche,Awale,86-30-29-66-64,74-35-75-49-61
28/09/2025,Dimanche,Espoir,54-19-25-74-50,04-18-36-07-85
27/09/2025,Samedi,Special Weekend 1h,59-12-62-40-80,86-32-69-79-85
27/09/2025,Samedi,Special Weekend 3h,10-66-31-12-71,40-02-06-28-81
27/09/2025,Samedi,Digital Reveil 7h,82-76-02-07-12,21-58-05-30-87
27/09/2025,Samedi,Digital Reveil 8h,24-52-70-63-90,15-28-39-51-08
27/09/2025,Samedi,Digital 21h,35-19-15-77-30,84-59-34-33-85
27/09/2025,Samedi,Digital 22h,22-49-32-68-65,44-41-88-24-69
27/09/2025,Samedi,Digital 23h,66-74-82-58-19,07-70-10-50-43
27/09/2025,Samedi,Soutra,09-47-10-44-15,35-50-57-04-18
27/09/2025,Samedi,Diamant,33-38-74-72-69,18-24-16-50-58
27/09/2025,Samedi,Moaye,40-21-88-74-83,29-75-01-18-67
27/09/2025,Samedi,National,38-34-63-43-86,
26/09/2025,Vendredi,Digital Reveil 7h,35-33-82-29-70,03-28-76-41-63
26/09/2025,Vendredi,Digital Reveil 8h,87-32-76-73-77,09-82-01-80-84
26/09/2025,Vendredi,Digital 21h,43-07-88-79-21,63-81-34-50-56
26/09/2025,Vendredi,Digital 22h,01-37-72-75-60,34-88-10-28-05
26/09/2025,Vendredi,Digital 23h,25-74-11-55-75,35-38-83-87-54
26/09/2025,Vendredi,Cash,38-05-75-30-44,28-06-84-20-64
26/09/2025,Vendredi,Solution,55-03-77-51-67,75-18-27-62-57
26/09/2025,Vendredi,Wari,61-03-21-20-74,40-31-67-28-90
26/09/2025,Vendredi,Friday Bonanza,56-28-21-19-85,
25/09/2025,Jeudi,Digital Reveil 7h,44-74-82-54-42,26-29-23-35-62
25/09/2025,Jeudi,Digital Reveil 8h,09-18-32-52-41,25-87-33-24-55
25/09/2025,Jeudi,Digital 21h,48-78-82-13-88,89-39-86-80-25
25/09/2025,Jeudi,Digital 22h,17-54-47-74-88,71-22-77-87-25
25/09/2025,Jeudi,Digital 23h,37-13-25-20-83,28-32-26-34-86
25/09/2025,Jeudi,Kado,03-08-67-42-31,34-52-15-11-21
25/09/2025,Jeudi,Privilege,88-64-47-27-30,76-82-02-83-90
25/09/2025,Jeudi,Monni,67-36-07-41-75,43-17-39-29-26
25/09/2025,Jeudi,Fortune Thursday,89-62-72-06-04,
24/09/2025,Mercredi,Digital Reveil 7h,32-40-70-63-44,41-26-15-07-18
24/09/2025,Mercredi,Digital Reveil 8h,69-33-58-72-04,59-53-84-90-77
24/09/2025,Mercredi,Digital 21h,03-07-90-51-37,21-29-61-41-52
24/09/2025,Mercredi,Digital 22h,21-28-33-17-86,43-16-14-89-07
24/09/2025,Mercredi,Digital 23h,04-88-13-09-35,42-27-03-07-18
24/09/2025,Mercredi,Premiere Heure,56-50-36-40-30,51-68-89-83-87
24/09/2025,Mercredi,Fortune,34-57-75-28-04,31-59-17-39-70
24/09/2025,Mercredi,Baraka,44-82-29-80-15,75-09-46-60-47
24/09/2025,Mercredi,Midweek,49-46-45-09-38,
23/09/2025,Mardi,Digital Reveil 7h,05-74-54-62-73,67-66-48-03-78
23/09/2025,Mardi,Digital Reveil 8h,40-41-81-64-37,78-79-65-19-23
23/09/2025,Mardi,Digital 21h,43-75-51-04-14,83-38-36-57-40
23/09/2025,Mardi,Digital 22h,07-13-08-26-25,17-33-10-35-58
23/09/2025,Mardi,Digital 23h,28-23-67-17-90,87-46-13-27-85
23/09/2025,Mardi,La Matinale,52-22-38-17-53,85-59-61-33-44
23/09/2025,Mardi,Emergence,49-14-46-77-67,55-34-41-60-12
23/09/2025,Mardi,Sika,90-21-66-89-20,78-77-19-33-57
23/09/2025,Mardi,Lucky Tuesday,14-78-29-86-39,
22/09/2025,Lundi,Digital Reveil 7h,68-69-67-59-50,15-66-75-84-43
22/09/2025,Lundi,Digital Reveil 8h,19-04-14-69-55,77-85-73-31-01
22/09/2025,Lundi,Digital 21h,58-75-79-46-76,37-30-01-20-90
22/09/2025,Lundi,Digital 22h,84-42-83-40-85,73-36-88-12-41
22/09/2025,Lundi,Digital 23h,10-74-22-81-68,28-46-44-72-04
22/09/2025,Lundi,Reveil,73-72-81-87-63,82-22-60-68-14
22/09/2025,Lundi,Etoile,33-14-35-05-59,09-11-73-80-27
22/09/2025,Lundi,Akwaba,14-66-06-29-59,11-89-18-51-48
22/09/2025,Lundi,Day Off,68-33-84-69-56,81-60-49-66-14
21/09/2025,Dimanche,Special Weekend 1h,25-68-49-58-90,07-74-17-23-75
21/09/2025,Dimanche,Special Weekend 3h,24-18-81-80-27,63-61-68-38-46
21/09/2025,Dimanche,Digital Reveil 7h,30-40-01-08-27,59-88-20-02-42
21/09/2025,Dimanche,Digital Reveil 8h,68-70-07-89-01,71-05-21-57-40
21/09/2025,Dimanche,Digital 21h,57-41-89-29-49,86-45-14-39-48
21/09/2025,Dimanche,Digital 22h,08-52-85-72-02,63-21-69-12-87
21/09/2025,Dimanche,Digital 23h,54-45-30-57-03,23-42-51-59-76
21/09/2025,Dimanche,Benediction,66-57-07-80-11,23-14-02-75-19
21/09/2025,Dimanche,Prestige,75-07-05-68-10,78-44-21-55-46
21/09/2025,Dimanche,Awale,45-81-76-43-70,22-14-71-31-62
21/09/2025,Dimanche,Espoir,49-83-04-55-43,02-34-53-41-56
20/09/2025,Samedi,Special Weekend 1h,12-33-43-35-24,66-65-86-55-52
20/09/2025,Samedi,Special Weekend 3h,68-36-65-05-22,71-76-84-63-11
20/09/2025,Samedi,Digital Reveil 7h,17-52-39-27-05,11-69-15-88-03
20/09/2025,Samedi,Digital Reveil 8h,30-31-21-78-41,65-83-06-35-14
20/09/2025,Samedi,Digital 21h,89-33-54-37-22,17-41-12-30-51
20/09/2025,Samedi,Digital 22h,38-88-32-02-84,62-48-18-68-34
20/09/2025,Samedi,Digital 23h,49-14-75-68-89,77-60-70-24-03
20/09/2025,Samedi,Soutra,09-46-45-19-74,35-11-56-15-90
20/09/2025,Samedi,Diamant,04-46-86-03-53,59-73-72-26-58
20/09/2025,Samedi,Moaye,11-25-83-22-53,73-10-02-26-28
20/09/2025,Samedi,National,15-36-41-25-07,
19/09/2025,Vendredi,Digital Reveil 7h,86-77-05-36-45,74-16-42-47-75
19/09/2025,Vendredi,Digital Reveil 8h,67-69-70-26-49,42-13-56-78-11
19/09/2025,Vendredi,Digital 21h,27-22-02-21-63,86-47-07-34-40
19/09/2025,Vendredi,Digital 22h,37-25-77-52-30,88-85-15-51-84
19/09/2025,Vendredi,Digital 23h,51-48-58-71-59,74-86-17-39-64
19/09/2025,Vendredi,Cash,10-33-04-66-03,83-46-44-02-45
19/09/2025,Vendredi,Solution,62-29-02-14-72,46-18-88-24-77
19/09/2025,Vendredi,Wari,81-82-40-52-14,30-70-41-31-42
19/09/2025,Vendredi,Friday Bonanza,88-69-39-33-25,
18/09/2025,Jeudi,Digital Reveil 7h,24-14-78-19-49,70-16-79-17-54
18/09/2025,Jeudi,Digital Reveil 8h,24-09-34-06-90,67-69-60-08-37
18/09/2025,Jeudi,Digital 21h,15-60-23-87-47,75-52-85-40-81
18/09/2025,Jeudi,Digital 22h,35-19-75-66-03,55-28-34-80-39
18/09/2025,Jeudi,Digital 23h,52-79-53-12-83,24-41-71-21-76
18/09/2025,Jeudi,Kado,70-44-88-66-33,72-86-22-89-53
18/09/2025,Jeudi,Privilege,79-48-20-84-51,32-38-87-46-17
18/09/2025,Jeudi,Monni,30-49-70-32-85,62-59-75-18-09
18/09/2025,Jeudi,Fortune Thursday,30-59-55-75-34,
17/09/2025,Mercredi,Digital Reveil 7h,67-66-50-87-27,42-07-82-58-39
17/09/2025,Mercredi,Digital Reveil 8h,23-51-54-10-58,90-18-33-49-19
17/09/2025,Mercredi,Digital 21h,65-70-78-44-35,51-77-20-86-74
17/09/2025,Mercredi,Digital 22h,34-11-43-09-23,39-19-72-35-63
17/09/2025,Mercredi,Digital 23h,14-79-63-47-69,73-11-16-08-83
17/09/2025,Mercredi,Premiere Heure,61-84-38-11-02,64-88-86-87-40
17/09/2025,Mercredi,Fortune,56-88-46-66-43,76-31-34-87-24
17/09/2025,Mercredi,Baraka,34-16-31-17-64,69-27-41-86-32
17/09/2025,Mercredi,Midweek,68-63-16-34-85,
16/09/2025,Mardi,Digital Reveil 7h,35-13-53-30-46,55-07-08-14-44
16/09/2025,Mardi,Digital Reveil 8h,72-27-37-39-56,60-35-01-63-67
16/09/2025,Mardi,Digital 21h,46-57-37-45-86,56-54-67-44-84
16/09/2025,Mardi,Digital 22h,78-28-62-47-42,49-41-58-55-38
16/09/2025,Mardi,Digital 23h,33-01-89-25-12,86-49-66-16-22
16/09/2025,Mardi,La Matinale,24-43-68-73-62,49-32-20-29-54
16/09/2025,Mardi,Emergence,27-79-90-08-13,45-60-21-81-39
16/09/2025,Mardi,Sika,05-58-08-60-51,37-74-48-32-88
16/09/2025,Mardi,Lucky Tuesday,49-87-61-22-34,
15/09/2025,Lundi,Digital Reveil 7h,89-32-52-08-13,57-06-67-27-47
15/09/2025,Lundi,Digital Reveil 8h,46-01-21-67-35,73-33-40-27-26
15/09/2025,Lundi,Digital 21h,74-59-18-76-51,42-33-80-06-86
15/09/2025,Lundi,Digital 22h,60-08-85-57-62,56-76-80-90-38
15/09/2025,Lundi,Digital 23h,85-26-30-50-55,80-25-59-77-56
15/09/2025,Lundi,Reveil,02-54-74-40-35,45-63-49-05-71
15/09/2025,Lundi,Etoile,46-68-78-08-89,06-31-61-53-33
15/09/2025,Lundi,Akwaba,07-15-16-27-34,05-13-76-57-77
15/09/2025,Lundi,Monday Special,33-90-34-03-73,
14/09/2025,Dimanche,Special Weekend 1h,38-48-18-59-47,45-87-30-24-78
14/09/2025,Dimanche,Special Weekend 3h,15-36-04-31-33,67-29-06-58-18
14/09/2025,Dimanche,Digital Reveil 7h,06-02-09-78-20,03-34-13-65-44
14/09/2025,Dimanche,Digital Reveil 8h,34-36-44-58-25,27-35-13-86-41
14/09/2025,Dimanche,Digital 21h,36-22-39-01-74,57-38-13-33-58
14/09/2025,Dimanche,Digital 22h,79-50-01-42-16,72-82-35-77-08
14/09/2025,Dimanche,Digital 23h,85-35-13-45-30,88-79-01-23-28
14/09/2025,Dimanche,Benediction,10-02-21-63-59,38-34-08-41-32
14/09/2025,Dimanche,Prestige,51-31-16-32-02,82-44-29-24-06
14/09/2025,Dimanche,Awale,26-30-84-76-68,46-55-57-66-09
14/09/2025,Dimanche,Espoir,66-67-01-07-43,80-64-87-17-33
13/09/2025,Samedi,Special Weekend 1h,02-09-75-01-39,32-56-74-87-70
13/09/2025,Samedi,Special Weekend 3h,10-78-08-43-62,22-76-09-61-87
13/09/2025,Samedi,Digital Reveil 7h,53-38-15-35-66,06-08-78-67-47
13/09/2025,Samedi,Digital Reveil 8h,34-79-22-21-57,77-80-39-07-26
13/09/2025,Samedi,Digital 21h,83-79-71-33-70,37-84-80-41-01
13/09/2025,Samedi,Digital 22h,17-66-90-81-62,15-14-64-56-12
13/09/2025,Samedi,Digital 23h,40-80-17-82-50,51-14-09-47-74
13/09/2025,Samedi,Soutra,39-66-87-67-41,14-71-32-17-58
13/09/2025,Samedi,Diamant,63-45-90-25-41,21-06-73-43-20
13/09/2025,Samedi,Moaye,05-30-10-74-89,24-46-58-17-38
13/09/2025,Samedi,National,47-57-79-17-34,
12/09/2025,Vendredi,Digital Reveil 7h,44-14-28-37-70,58-31-05-73-60
12/09/2025,Vendredi,Digital Reveil 8h,15-01-14-31-16,38-61-48-63-64
12/09/2025,Vendredi,Digital 21h,77-07-34-25-47,65-49-01-14-59
12/09/2025,Vendredi,Digital 22h,67-24-21-90-14,73-56-79-30-84
12/09/2025,Vendredi,Digital 23h,73-71-67-85-23,39-51-19-06-72
12/09/2025,Vendredi,Cash,06-20-07-61-12,24-66-81-59-88
12/09/2025,Vendredi,Solution,08-01-09-35-02,22-10-74-37-40
12/09/2025,Vendredi,Wari,25-72-78-66-62,82-06-03-15-45
12/09/2025,Vendredi,Friday Bonanza,38-58-90-57-86,
11/09/2025,Jeudi,Digital Reveil 7h,78-26-11-15-41,62-50-18-12-03
11/09/2025,Jeudi,Digital Reveil 8h,58-78-72-09-62,28-34-66-73-63
11/09/2025,Jeudi,Digital 21h,60-20-17-13-16,30-90-07-33-40
11/09/2025,Jeudi,Digital 22h,32-11-53-37-27,80-84-22-10-78
11/09/2025,Jeudi,Digital 23h,74-75-17-04-16,22-79-59-57-85
11/09/2025,Jeudi,Kado,57-69-11-14-02,13-53-10-81-46
11/09/2025,Jeudi,Privilege,57-02-72-44-15,42-22-14-90-81
11/09/2025,Jeudi,Monni,52-55-88-20-03,16-10-85-75-26
11/09/2025,Jeudi,Fortune Thursday,72-44-76-60-30,
10/09/2025,Mercredi,Digital Reveil 7h,35-71-26-86-38,51-24-39-56-53
10/09/2025,Mercredi,Digital Reveil 8h,03-70-55-83-45,58-66-44-84-36
10/09/2025,Mercredi,Digital 21h,76-11-04-02-23,24-37-74-80-62
10/09/2025,Mercredi,Digital 22h,26-24-68-52-70,82-56-08-21-38
10/09/2025,Mercredi,Digital 23h,65-06-86-47-27,15-46-33-60-64
10/09/2025,Mercredi,Premiere Heure,34-16-83-88-02,40-03-26-87-67
10/09/2025,Mercredi,Fortune,48-34-68-08-26,18-59-02-06-63
10/09/2025,Mercredi,Baraka,38-58-74-57-44,22-50-71-29-85
10/09/2025,Mercredi,Midweek,23-32-19-70-30,
09/09/2025,Mardi,Digital Reveil 7h,22-74-30-11-78,51-43-15-76-39
09/09/2025,Mardi,Digital Reveil 8h,65-09-83-58-84,22-31-81-10-59
09/09/2025,Mardi,Digital 21h,63-43-03-30-87,88-28-14-04-08
09/09/2025,Mardi,Digital 22h,75-09-30-32-56,48-10-14-07-72
09/09/2025,Mardi,Digital 23h,05-23-89-33-86,69-25-08-14-74
09/09/2025,Mardi,La Matinale,61-07-67-21-13,41-71-51-36-83
09/09/2025,Mardi,Emergence,68-09-44-82-54,43-15-37-74-14
09/09/2025,Mardi,Sika,21-54-22-65-11,17-41-50-56-85
09/09/2025,Mardi,Lucky Tuesday,14-51-57-89-17,
08/09/2025,Lundi,Digital Reveil 7h,62-88-48-68-04,15-23-90-58-65
08/09/2025,Lundi,Digital Reveil 8h,86-47-29-55-05,71-49-39-57-79
08/09/2025,Lundi,Digital 21h,72-49-07-01-88,05-09-56-55-36
08/09/2025,Lundi,Digital 22h,27-40-38-33-19,42-65-24-77-06
08/09/2025,Lundi,Digital 23h,38-08-47-21-76,86-24-71-04-48
08/09/2025,Lundi,Reveil,86-60-76-05-55,19-44-45-30-18
08/09/2025,Lundi,Etoile,37-56-06-46-77,64-68-07-47-62
08/09/2025,Lundi,Akwaba,09-04-34-68-82,16-51-22-03-29
08/09/2025,Lundi,Monday Special,13-36-81-59-26,
07/09/2025,Dimanche,Special Weekend 1h,58-05-62-73-90,70-89-88-78-40
07/09/2025,Dimanche,Special Weekend 3h,85-33-11-82-15,83-49-53-21-80
07/09/2025,Dimanche,Digital Reveil 7h,67-89-59-15-80,74-72-42-78-33
07/09/2025,Dimanche,Digital Reveil 8h,84-60-12-37-66,33-43-10-13-90
07/09/2025,Dimanche,Digital 21h,28-69-54-74-27,04-10-17-34-59
07/09/2025,Dimanche,Digital 22h,05-17-58-06-56,19-72-16-59-69
07/09/2025,Dimanche,Digital 23h,74-20-58-59-62,84-30-32-04-34
07/09/2025,Dimanche,Benediction,18-53-19-42-46,03-62-35-55-89
07/09/2025,Dimanche,Prestige,30-90-53-63-46,21-88-05-73-75
07/09/2025,Dimanche,Awale,02-54-84-49-24,64-35-65-01-69
07/09/2025,Dimanche,Espoir,84-08-53-28-55,20-69-33-40-77
06/09/2025,Samedi,Special Weekend 1h,22-80-32-06-33,49-29-68-66-48
06/09/2025,Samedi,Special Weekend 3h,52-69-14-20-59,64-76-28-36-38
06/09/2025,Samedi,Digital Reveil 7h,89-69-80-74-55,88-51-07-20-62
06/09/2025,Samedi,Digital Reveil 8h,81-67-61-90-50,71-55-64-33-74
06/09/2025,Samedi,Digital 21h,19-08-29-74-30,60-32-72-18-01
06/09/2025,Samedi,Digital 22h,80-41-18-79-21,82-78-47-19-89
06/09/2025,Samedi,Digital 23h,59-39-11-53-43,57-24-88-73-67
06/09/2025,Samedi,Soutra,19-68-44-38-69,85-06-12-33-20
06/09/2025,Samedi,Diamant,05-57-81-85-12,45-33-22-13-72
06/09/2025,Samedi,Moaye,40-30-65-36-12,52-73-08-01-28
06/09/2025,Samedi,National,89-58-45-31-19,
05/09/2025,Vendredi,Digital Reveil 7h,54-26-45-59-25,53-47-41-07-57
05/09/2025,Vendredi,Digital Reveil 8h,64-39-58-85-87,13-25-01-63-84
05/09/2025,Vendredi,Digital 21h,33-41-44-31-23,67-83-34-19-84
05/09/2025,Vendredi,Digital 22h,73-30-07-04-23,88-78-19-67-89
05/09/2025,Vendredi,Digital 23h,66-34-11-18-83,44-82-38-81-68
05/09/2025,Vendredi,Cash,40-18-12-64-80,75-71-52-60-06
05/09/2025,Vendredi,Solution,31-39-76-89-42,56-69-17-82-79
05/09/2025,Vendredi,Wari,66-14-49-34-10,51-19-35-86-83
05/09/2025,Vendredi,Friday Bonanza,57-03-60-71-17,
04/09/2025,Jeudi,Digital Reveil 7h,78-82-48-62-16,58-07-42-87-40
04/09/2025,Jeudi,Digital Reveil 8h,38-43-42-78-68,22-04-57-13-82
04/09/2025,Jeudi,Digital 21h,31-51-53-43-65,49-67-46-50-36
04/09/2025,Jeudi,Digital 22h,07-33-03-40-74,55-78-70-24-80
04/09/2025,Jeudi,Digital 23h,11-49-52-04-16,02-80-71-62-53
04/09/2025,Jeudi,Kado,71-08-62-01-26,04-84-45-54-40
04/09/2025,Jeudi,Privilege,18-44-66-41-68,73-60-02-53-61
04/09/2025,Jeudi,Monni,11-27-77-21-08,66-30-58-23-38
04/09/2025,Jeudi,Fortune Thursday,62-19-46-12-43,
03/09/2025,Mercredi,Digital Reveil 7h,82-19-09-01-41,08-10-34-45-90
03/09/2025,Mercredi,Digital Reveil 8h,04-45-61-06-57,88-14-44-08-19
03/09/2025,Mercredi,Digital 21h,84-18-74-36-35,33-20-16-19-75
03/09/2025,Mercredi,Digital 22h,19-17-89-72-59,87-02-64-44-14
03/09/2025,Mercredi,Digital 23h,52-21-57-89-22,61-49-55-87-24
03/09/2025,Mercredi,Premiere Heure,33-22-57-77-20,37-66-54-60-01
03/09/2025,Mercredi,Fortune,25-50-41-01-59,51-57-73-89-20
03/09/2025,Mercredi,Baraka,11-02-61-74-41,88-69-29-40-81
03/09/2025,Mercredi,Midweek,58-84-18-57-07,
02/09/2025,Mardi,Digital Reveil 7h,44-84-86-88-53,11-58-55-63-19
02/09/2025,Mardi,Digital Reveil 8h,75-11-16-53-88,54-06-55-17-31
02/09/2025,Mardi,Digital 21h,43-88-81-24-28,54-78-62-68-50
02/09/2025,Mardi,Digital 22h,41-60-20-37-86,88-62-74-71-09
02/09/2025,Mardi,Digital 23h,06-55-60-02-76,68-26-75-56-86
02/09/2025,Mardi,La Matinale,05-66-08-64-50,19-32-84-60-89
02/09/2025,Mardi,Emergence,34-22-24-51-64,71-30-62-85-83
02/09/2025,Mardi,Sika,35-76-90-89-23,30-77-47-74-62
02/09/2025,Mardi,Lucky Tuesday,57-50-21-89-46,
01/09/2025,Lundi,Digital Reveil 7h,77-81-58-18-31,59-47-36-87-52
01/09/2025,Lundi,Digital Reveil 8h,80-61-75-15-03,85-78-13-79-40
01/09/2025,Lundi,Digital 21h,08-69-11-79-30,32-16-81-89-55
01/09/2025,Lundi,Digital 22h,87-60-24-27-26,45-90-81-09-40
01/09/2025,Lundi,Digital 23h,64-78-52-61-88,75-46-08-10-31
01/09/2025,Lundi,Reveil,06-53-28-03-86,66-25-90-22-57
01/09/2025,Lundi,Etoile,40-56-19-42-17,46-69-22-44-52
01/09/2025,Lundi,Akwaba,27-75-77-48-06,07-45-19-24-76
01/09/2025,Lundi,Monday Special,81-84-50-10-41,
31/08/2025,Dimanche,Special Weekend 1h,86-60-85-15-70,73-72-77-40-68
31/08/2025,Dimanche,Special Weekend 3h,89-20-04-72-51,67-43-23-41-22
31/08/2025,Dimanche,Digital Reveil 7h,49-29-88-06-32,36-89-25-40-90
31/08/2025,Dimanche,Digital Reveil 8h,84-68-69-49-73,19-05-48-36-75
31/08/2025,Dimanche,Digital 21h,86-88-57-43-18,80-78-14-70-20
31/08/2025,Dimanche,Digital 22h,34-65-87-26-39,28-20-90-13-03
31/08/2025,Dimanche,Digital 23h,53-03-13-77-56,88-29-30-87-09
31/08/2025,Dimanche,Benediction,14-09-76-45-16,18-54-60-04-78
31/08/2025,Dimanche,Prestige,32-75-54-61-23,04-17-42-73-20
31/08/2025,Dimanche,Awale,23-18-12-25-07,20-60-33-75-64
31/08/2025,Dimanche,Espoir,33-01-12-80-14,52-21-62-41-35
30/08/2025,Samedi,Special Weekend 1h,57-22-81-18-56,46-83-62-87-34
30/08/2025,Samedi,Special Weekend 3h,54-69-70-32-18,86-36-55-08-83
30/08/2025,Samedi,Digital Reveil 7h,54-74-31-77-04,14-29-41-38-68
30/08/2025,Samedi,Digital Reveil 8h,45-78-36-58-75,09-85-43-87-71
30/08/2025,Samedi,Digital 21h,88-03-32-01-17,19-37-75-67-71
30/08/2025,Samedi,Digital 22h,14-75-49-85-04,28-18-76-68-10
30/08/2025,Samedi,Digital 23h,28-76-06-66-72,23-17-09-41-38
30/08/2025,Samedi,Soutra,86-20-44-31-14,23-79-10-48-51
30/08/2025,Samedi,Diamant,28-66-11-27-16,80-85-46-69-89
30/08/2025,Samedi,Moaye,82-40-78-14-11,45-44-21-34-51
30/08/2025,Samedi,National,61-17-65-54-59,
29/08/2025,Vendredi,Digital Reveil 7h,12-17-27-52-78,70-20-79-44-02
29/08/2025,Vendredi,Digital Reveil 8h,81-52-14-55-10,74-53-65-39-89
29/08/2025,Vendredi,Digital 21h,34-90-38-30-02,83-68-11-52-14
29/08/2025,Vendredi,Digital 22h,27-37-75-46-40,12-26-87-33-65
29/08/2025,Vendredi,Digital 23h,32-56-43-31-71,29-04-09-54-83
29/08/2025,Vendredi,Cash,34-58-33-20-13,79-90-38-49-47
29/08/2025,Vendredi,Solution,63-88-48-58-72,08-33-67-12-23
29/08/2025,Vendredi,Wari,70-71-02-69-30,73-53-09-59-43
29/08/2025,Vendredi,Friday Bonanza,13-63-60-23-67,
28/08/2025,Jeudi,Digital Reveil 7h,88-19-25-60-81,87-59-08-73-07
28/08/2025,Jeudi,Digital Reveil 8h,29-62-44-42-01,41-86-66-64-28
28/08/2025,Jeudi,Digital 21h,28-44-54-53-55,14-32-37-82-26
28/08/2025,Jeudi,Digital 22h,32-41-79-72-61,74-66-82-15-87
28/08/2025,Jeudi,Digital 23h,30-51-13-64-82,50-90-55-68-80
28/08/2025,Jeudi,Kado,86-62-13-28-74,18-04-37-76-36
28/08/2025,Jeudi,Privilege,52-10-34-32-70,88-83-50-59-05
28/08/2025,Jeudi,Monni,36-52-26-41-48,79-42-50-25-18
28/08/2025,Jeudi,Fortune Thursday,40-56-35-57-59,
27/08/2025,Mercredi,Digital Reveil 7h,10-35-04-48-27,59-19-33-26-50
27/08/2025,Mercredi,Digital Reveil 8h,11-41-07-88-73,17-13-47-78-27
27/08/2025,Mercredi,Digital 21h,49-09-67-73-46,52-10-24-60-77
27/08/2025,Mercredi,Digital 22h,83-01-62-14-59,36-15-70-30-18
27/08/2025,Mercredi,Digital 23h,07-52-79-19-01,89-30-67-33-17
27/08/2025,Mercredi,Premiere Heure,18-11-24-22-27,29-28-54-76-79
27/08/2025,Mercredi,Fortune,55-41-51-34-44,49-07-24-30-78
27/08/2025,Mercredi,Baraka,41-35-21-75-45,16-46-67-20-61
27/08/2025,Mercredi,Midweek,84-14-18-10-89,
26/08/2025,Mardi,Digital Reveil 7h,36-57-43-60-79,25-34-21-02-80
26/08/2025,Mardi,Digital Reveil 8h,34-38-41-52-53,76-36-63-69-37
26/08/2025,Mardi,Digital 21h,08-47-76-75-39,89-44-03-77-05
26/08/2025,Mardi,Digital 22h,33-43-29-58-07,17-52-12-79-27
26/08/2025,Mardi,Digital 23h,87-21-20-27-89,19-86-40-38-65
26/08/2025,Mardi,La Matinale,88-18-86-45-60,46-34-26-89-82
26/08/2025,Mardi,Emergence,47-23-46-65-67,60-53-51-74-22
26/08/2025,Mardi,Sika,13-05-67-53-47,85-08-88-77-25
26/08/2025,Mardi,Lucky Tuesday,04-90-38-56-85,
25/08/2025,Lundi,Digital Reveil 7h,55-52-75-39-62,69-70-37-43-35
25/08/2025,Lundi,Digital Reveil 8h,78-04-46-76-77,26-09-01-02-21
25/08/2025,Lundi,Digital 21h,42-26-67-66-08,62-54-24-37-13
25/08/2025,Lundi,Digital 22h,22-12-18-34-35,32-51-11-63-42
25/08/2025,Lundi,Digital 23h,30-42-84-36-18,22-24-89-14-77
25/08/2025,Lundi,Reveil,33-72-53-16-48,50-64-17-44-34
25/08/2025,Lundi,Etoile,27-30-66-37-14,24-38-68-74-10
25/08/2025,Lundi,Akwaba,21-31-70-14-30,84-37-57-22-45
25/08/2025,Lundi,Monday Special,02-01-61-63-85,
24/08/2025,Dimanche,Special Weekend 1h,05-53-33-73-67,04-48-25-65-50
24/08/2025,Dimanche,Special Weekend 3h,52-40-65-66-50,30-09-77-47-72
24/08/2025,Dimanche,Digital Reveil 7h,24-83-58-03-89,14-78-85-49-30
24/08/2025,Dimanche,Digital Reveil 8h,17-53-40-76-08,21-88-12-42-28
24/08/2025,Dimanche,Digital 21h,63-88-87-89-50,65-05-68-34-26
24/08/2025,Dimanche,Digital 22h,46-06-65-58-90,07-56-53-10-83
24/08/2025,Dimanche,Digital 23h,84-70-07-79-32,10-36-83-09-48
24/08/2025,Dimanche,Benediction,10-29-41-71-50,36-48-39-34-84
24/08/2025,Dimanche,Prestige,55-75-45-60-80,31-08-83-87-56
24/08/2025,Dimanche,Awale,18-81-62-67-47,15-09-33-06-52
24/08/2025,Dimanche,Espoir,18-81-49-04-60,82-26-69-90-14
23/08/2025,Samedi,Special Weekend 1h,60-70-07-51-12,49-48-35-30-02
23/08/2025,Samedi,Special Weekend 3h,42-17-49-19-83,46-24-15-38-52
23/08/2025,Samedi,Digital Reveil 7h,13-42-55-21-71,57-47-63-03-17
23/08/2025,Samedi,Digital Reveil 8h,12-46-51-61-58,17-69-40-86-72
23/08/2025,Samedi,Digital 21h,49-34-28-04-43,55-56-21-44-90
23/08/2025,Samedi,Digital 22h,80-59-07-76-88,68-60-50-17-21
23/08/2025,Samedi,Digital 23h,55-06-24-43-49,89-03-90-28-80
23/08/2025,Samedi,Soutra,43-16-41-29-83,21-20-66-48-71
23/08/2025,Samedi,Diamant,18-79-61-08-77,69-74-03-52-12
23/08/2025,Samedi,Moaye,01-16-08-09-19,42-30-88-69-82
23/08/2025,Samedi,National,06-02-03-73-47,
22/08/2025,Vendredi,Digital Reveil 7h,60-30-54-67-32,22-51-83-68-66
22/08/2025,Vendredi,Digital Reveil 8h,01-88-49-53-61,68-54-07-84-17
22/08/2025,Vendredi,Digital 21h,62-42-33-26-27,39-55-08-37-13
22/08/2025,Vendredi,Digital 22h,01-78-81-39-90,09-62-59-13-18
22/08/2025,Vendredi,Digital 23h,66-36-32-90-49,24-77-67-76-10
22/08/2025,Vendredi,Cash,05-54-18-10-33,07-41-29-89-85
22/08/2025,Vendredi,Solution,33-08-14-29-43,15-58-10-42-41
22/08/2025,Vendredi,Wari,50-63-62-10-36,48-49-26-83-88
22/08/2025,Vendredi,Friday Bonanza,29-28-48-64-31,
21/08/2025,Jeudi,Digital Reveil 7h,21-36-79-56-27,89-70-67-64-03
21/08/2025,Jeudi,Digital Reveil 8h,25-66-61-86-90,26-65-49-44-35
21/08/2025,Jeudi,Digital 21h,14-02-38-41-53,15-05-28-71-44
21/08/2025,Jeudi,Digital 22h,11-21-37-68-41,29-13-45-83-66
21/08/2025,Jeudi,Digital 23h,45-38-36-49-12,79-88-90-32-69
21/08/2025,Jeudi,Kado,20-79-18-69-87,19-11-66-58-32
21/08/2025,Jeudi,Privilege,14-69-65-03-62,64-25-84-81-27
21/08/2025,Jeudi,Monni,45-75-50-03-10,63-42-37-69-02
21/08/2025,Jeudi,Fortune Thursday,44-70-05-09-25,
20/08/2025,Mercredi,Digital Reveil 7h,55-82-70-57-64,66-17-56-88-23
20/08/2025,Mercredi,Digital Reveil 8h,41-78-82-22-20,57-32-28-44-56
20/08/2025,Mercredi,Digital 21h,03-29-35-18-39,34-77-55-44-25
20/08/2025,Mercredi,Digital 22h,47-45-19-37-87,63-73-41-85-05
20/08/2025,Mercredi,Digital 23h,25-39-02-69-38,77-48-55-60-23
20/08/2025,Mercredi,Premiere Heure,83-74-30-09-48,76-56-08-28-70
20/08/2025,Mercredi,Fortune,75-61-37-63-38,36-80-17-34-49
20/08/2025,Mercredi,Baraka,90-89-38-27-53,07-31-49-15-03
20/08/2025,Mercredi,Midweek,68-45-43-40-15,
19/08/2025,Mardi,Digital Reveil 7h,25-58-83-86-61,70-18-33-90-16
19/08/2025,Mardi,Digital Reveil 8h,45-79-52-78-02,27-81-25-28-54
19/08/2025,Mardi,Digital 21h,43-56-14-75-69,05-87-50-66-64
19/08/2025,Mardi,Digital 22h,08-11-65-67-68,18-49-63-33-79
19/08/2025,Mardi,Digital 23h,57-17-78-61-71,54-28-80-59-06
19/08/2025,Mardi,La Matinale,54-31-10-65-85,68-18-48-90-66
19/08/2025,Mardi,Emergence,16-14-81-42-52,32-02-24-19-03
19/08/2025,Mardi,Sika,55-29-60-36-19,61-90-39-02-69
19/08/2025,Mardi,Lucky Tuesday,01-88-71-66-03,
18/08/2025,Lundi,Digital Reveil 7h,57-55-64-24-36,28-22-58-75-54
18/08/2025,Lundi,Digital Reveil 8h,31-86-87-77-26,41-06-83-44-75
18/08/2025,Lundi,Digital 21h,85-86-48-57-83,29-44-14-74-07
18/08/2025,Lundi,Digital 22h,33-68-27-62-38,75-47-60-45-84
18/08/2025,Lundi,Digital 23h,35-73-51-59-22,40-62-25-18-90
18/08/2025,Lundi,Reveil,47-28-86-25-08,52-70-27-45-82
18/08/2025,Lundi,Etoile,31-12-27-21-03,60-07-13-39-25
18/08/2025,Lundi,Akwaba,33-16-19-72-21,68-32-25-50-81
18/08/2025,Lundi,Monday Special,27-16-89-77-14,
17/08/2025,Dimanche,Special Weekend 1h,77-72-18-49-82,60-37-07-48-68
17/08/2025,Dimanche,Special Weekend 3h,29-30-38-24-01,39-77-66-18-75
17/08/2025,Dimanche,Digital Reveil 7h,17-75-04-15-33,85-74-05-52-80
17/08/2025,Dimanche,Digital Reveil 8h,06-19-22-68-47,71-36-83-62-04
17/08/2025,Dimanche,Digital 21h,02-22-36-64-79,04-10-05-53-66
17/08/2025,Dimanche,Digital 22h,46-03-66-67-11,52-01-80-54-69
17/08/2025,Dimanche,Digital 23h,75-20-11-39-51,60-36-49-69-12
17/08/2025,Dimanche,Benediction,83-35-76-10-90,34-57-69-82-58
17/08/2025,Dimanche,Prestige,01-46-76-47-19,71-21-51-09-22
17/08/2025,Dimanche,Awale,51-09-53-12-64,30-69-89-33-03
17/08/2025,Dimanche,Espoir,34-11-69-76-09,70-88-52-85-54
16/08/2025,Samedi,Special Weekend 1h,43-17-79-37-77,71-20-54-49-33
16/08/2025,Samedi,Special Weekend 3h,07-27-73-79-55,05-78-57-58-13
16/08/2025,Samedi,Digital Reveil 7h,18-61-71-63-87,01-66-34-77-68
16/08/2025,Samedi,Digital Reveil 8h,46-16-41-83-61,66-09-38-49-32
16/08/2025,Samedi,Digital 21h,44-78-27-64-33,50-11-21-41-61
16/08/2025,Samedi,Digital 22h,29-22-74-76-09,65-58-88-10-57
16/08/2025,Samedi,Digital 23h,01-78-06-42-63,66-10-77-58-68
16/08/2025,Samedi,Soutra,39-40-44-17-59,83-10-67-85-72
16/08/2025,Samedi,Diamant,02-13-31-12-63,20-68-17-90-24
16/08/2025,Samedi,Moaye,19-62-70-38-60,42-63-68-73-52
16/08/2025,Samedi,National,08-14-72-21-15,
15/08/2025,Vendredi,Digital Reveil 7h,69-76-51-54-50,83-87-81-79-58
15/08/2025,Vendredi,Digital Reveil 8h,68-79-44-21-32,39-53-10-31-05
15/08/2025,Vendredi,Digital 21h,83-20-73-81-49,72-30-75-70-44
15/08/2025,Vendredi,Digital 22h,29-39-23-59-34,56-09-16-80-51
15/08/2025,Vendredi,Digital 23h,88-47-52-22-73,28-78-32-60-08
15/08/2025,Vendredi,Cash,44-64-60-36-03,30-01-22-56-68
15/08/2025,Vendredi,Solution,88-03-12-67-50,83-57-35-25-46
15/08/2025,Vendredi,Wari,45-87-36-70-47,64-74-20-48-79
15/08/2025,Vendredi,Friday Bonanza,55-20-30-54-24,
14/08/2025,Jeudi,Digital Reveil 7h,89-35-51-11-60,83-02-09-79-08
14/08/2025,Jeudi,Digital Reveil 8h,45-29-47-78-21,84-66-24-63-81
14/08/2025,Jeudi,Digital 21h,80-75-28-74-24,19-37-22-33-45
14/08/2025,Jeudi,Digital 22h,44-03-23-89-38,78-11-29-57-20
14/08/2025,Jeudi,Digital 23h,12-56-87-14-82,23-49-10-84-61
14/08/2025,Jeudi,Kado,71-78-41-57-63,18-09-16-12-56
14/08/2025,Jeudi,Privilege,74-68-87-01-90,43-31-34-45-39
14/08/2025,Jeudi,Monni,35-66-04-62-57,83-55-11-76-41
14/08/2025,Jeudi,Fortune Thursday,78-03-82-29-22,
13/08/2025,Mercredi,Digital Reveil 7h,66-41-30-09-69,05-55-82-64-01
13/08/2025,Mercredi,Digital Reveil 8h,75-48-07-32-55,67-33-59-25-11
13/08/2025,Mercredi,Digital 21h,61-24-06-51-41,39-79-77-29-04
13/08/2025,Mercredi,Digital 22h,59-09-30-33-68,12-90-02-50-46
13/08/2025,Mercredi,Digital 23h,05-13-30-38-55,73-39-87-54-58
13/08/2025,Mercredi,Premiere Heure,39-36-25-12-24,52-79-76-45-30
13/08/2025,Mercredi,Fortune,60-28-57-31-20,67-45-34-21-17
13/08/2025,Mercredi,Baraka,78-50-34-54-86,06-52-60-58-47
13/08/2025,Mercredi,Midweek,76-39-01-83-29,
12/08/2025,Mardi,Digital Reveil 7h,65-68-58-07-06,79-09-70-49-14
12/08/2025,Mardi,Digital Reveil 8h,05-25-36-85-44,86-45-41-76-14
12/08/2025,Mardi,Digital 21h,18-28-66-05-88,47-68-12-75-49
12/08/2025,Mardi,Digital 22h,64-75-46-86-50,09-49-24-20-82
12/08/2025,Mardi,Digital 23h,13-05-80-88-64,09-02-63-06-77
12/08/2025,Mardi,La Matinale,73-12-37-26-65,62-09-74-46-34
12/08/2025,Mardi,Emergence,18-63-62-69-29,87-05-72-43-56
12/08/2025,Mardi,Sika,15-80-24-61-46,16-78-52-60-44
12/08/2025,Mardi,Lucky Tuesday,64-86-83-16-26,
11/08/2025,Lundi,Digital Reveil 7h,44-18-53-54-37,82-15-32-31-28
11/08/2025,Lundi,Digital Reveil 8h,44-09-41-57-75,71-10-23-74-68
11/08/2025,Lundi,Digital 21h,47-17-40-12-08,06-66-27-81-80
11/08/2025,Lundi,Digital 22h,74-40-27-35-13,55-65-18-20-42
11/08/2025,Lundi,Digital 23h,15-85-31-33-54,66-73-56-50-59
11/08/2025,Lundi,Reveil,90-82-88-44-67,24-30-23-35-47
11/08/2025,Lundi,Etoile,79-61-48-23-24,69-25-62-63-75
11/08/2025,Lundi,Akwaba,55-45-52-04-53,86-81-30-23-67
11/08/2025,Lundi,Monday Special,04-70-22-34-90,
10/08/2025,Dimanche,Special Weekend 1h,66-05-26-55-41,32-69-87-35-36
10/08/2025,Dimanche,Special Weekend 3h,73-34-43-54-86,61-63-66-75-85
10/08/2025,Dimanche,Digital Reveil 7h,48-76-61-21-89,52-46-72-13-25
10/08/2025,Dimanche,Digital Reveil 8h,11-12-73-04-37,78-71-81-26-16
10/08/2025,Dimanche,Digital 21h,57-16-72-71-87,66-37-28-01-21
10/08/2025,Dimanche,Digital 22h,88-25-47-13-49,57-68-79-39-46
10/08/2025,Dimanche,Digital 23h,34-44-54-61-76,02-03-78-57-86
10/08/2025,Dimanche,Benediction,67-10-77-14-54,71-09-65-25-83
10/08/2025,Dimanche,Prestige,69-21-75-23-36,02-76-62-40-42
10/08/2025,Dimanche,Awale,25-14-37-29-27,69-54-76-73-20
10/08/2025,Dimanche,Espoir,55-33-36-65-30,77-02-72-24-49
09/08/2025,Samedi,Special Weekend 1h,14-17-32-66-03,16-68-43-79-80
09/08/2025,Samedi,Special Weekend 3h,34-21-66-30-86,40-20-18-57-10
09/08/2025,Samedi,Digital Reveil 7h,55-82-10-27-61,43-84-75-05-88
09/08/2025,Samedi,Digital Reveil 8h,09-42-65-19-25,78-59-75-70-82
09/08/2025,Samedi,Digital 21h,45-67-58-54-79,17-42-20-89-49
09/08/2025,Samedi,Digital 22h,29-42-59-19-34,79-75-81-26-05
09/08/2025,Samedi,Digital 23h,22-47-65-75-38,66-80-17-79-45
09/08/2025,Samedi,Soutra,36-61-40-83-50,53-67-12-47-21
09/08/2025,Samedi,Diamant,90-17-62-64-16,42-03-56-33-58
09/08/2025,Samedi,Moaye,16-03-83-36-52,31-61-47-80-62
09/08/2025,Samedi,National,08-57-63-58-87,
08/08/2025,Vendredi,Digital Reveil 7h,61-29-11-38-12,70-87-02-64-41
08/08/2025,Vendredi,Digital Reveil 8h,43-49-74-68-53,12-48-78-79-06
08/08/2025,Vendredi,Digital 21h,87-24-20-36-77,23-72-78-09-48
08/08/2025,Vendredi,Digital 22h,89-09-24-77-05,29-07-70-11-06
08/08/2025,Vendredi,Digital 23h,35-38-50-83-19,63-40-39-87-72
08/08/2025,Vendredi,Cash,22-76-55-79-66,40-50-01-60-24
08/08/2025,Vendredi,Solution,33-57-38-88-16,17-74-47-48-51
08/08/2025,Vendredi,Wari,83-32-28-78-85,16-63-74-11-41
08/08/2025,Vendredi,Friday Bonanza,76-07-55-72-15,
07/08/2025,Jeudi,Digital Reveil 7h,21-24-42-57-43,25-67-47-20-80
07/08/2025,Jeudi,Digital Reveil 8h,04-69-70-89-11,42-13-25-15-06
07/08/2025,Jeudi,Digital 21h,78-43-27-06-10,17-14-46-33-90
07/08/2025,Jeudi,Digital 22h,32-11-29-62-39,42-72-19-26-86
07/08/2025,Jeudi,Digital 23h,21-68-14-82-79,38-17-22-87-58
07/08/2025,Jeudi,Kado,63-14-25-82-48,69-46-19-73-20
07/08/2025,Jeudi,Privilege,51-81-21-31-24,76-72-85-82-06
07/08/2025,Jeudi,Monni,46-40-48-72-07,33-38-21-62-24
07/08/2025,Jeudi,Fortune Thursday,02-33-29-78-15,
06/08/2025,Mercredi,Digital Reveil 7h,10-77-11-21-02,58-26-84-80-43
06/08/2025,Mercredi,Digital Reveil 8h,58-27-07-10-31,50-46-62-85-51
06/08/2025,Mercredi,Digital 21h,51-11-65-90-55,39-09-35-32-61
06/08/2025,Mercredi,Digital 22h,56-63-58-02-67,81-44-18-55-65
06/08/2025,Mercredi,Digital 23h,88-65-43-37-33,84-63-25-57-51
06/08/2025,Mercredi,Premiere Heure,55-89-17-67-21,04-15-30-19-32
06/08/2025,Mercredi,Fortune,35-75-30-27-04,38-81-67-01-60
06/08/2025,Mercredi,Baraka,31-13-40-08-36,38-61-57-39-48
06/08/2025,Mercredi,Midweek,70-51-52-05-88,
05/08/2025,Mardi,Digital Reveil 7h,75-38-80-05-56,53-81-86-33-78
05/08/2025,Mardi,Digital Reveil 8h,01-48-25-88-81,64-04-57-30-68
05/08/2025,Mardi,Digital 21h,79-16-14-60-20,62-10-71-29-58
05/08/2025,Mardi,Digital 22h,19-73-72-45-29,61-11-76-06-53
05/08/2025,Mardi,Digital 23h,41-64-61-76-16,23-73-50-33-69
05/08/2025,Mardi,La Matinale,35-50-19-43-76,89-40-78-27-03
05/08/2025,Mardi,Emergence,44-11-71-22-15,52-32-38-81-16
05/08/2025,Mardi,Sika,40-14-34-02-08,31-55-49-29-25
05/08/2025,Mardi,Lucky Tuesday,28-54-72-76-89,
04/08/2025,Lundi,Digital Reveil 7h,37-45-09-54-06,63-36-55-89-40
04/08/2025,Lundi,Digital Reveil 8h,10-59-12-21-64,85-31-18-22-17
04/08/2025,Lundi,Digital 21h,78-68-73-85-90,83-07-25-45-34
04/08/2025,Lundi,Digital 22h,65-57-46-87-86,55-35-68-54-16
04/08/2025,Lundi,Digital 23h,41-88-54-70-07,67-75-87-23-77
04/08/2025,Lundi,Reveil,04-30-09-65-38,03-33-44-39-78
04/08/2025,Lundi,Etoile,18-11-76-43-27,30-87-05-53-72
04/08/2025,Lundi,Akwaba,13-15-33-19-05,66-73-43-89-46
04/08/2025,Lundi,Monday Special,12-52-73-79-71,
03/08/2025,Dimanche,Special Weekend 1h,46-56-58-80-63,10-23-22-18-62
03/08/2025,Dimanche,Special Weekend 3h,28-75-46-76-70,38-56-27-87-85
03/08/2025,Dimanche,Digital Reveil 7h,19-13-21-40-57,31-30-03-38-37
03/08/2025,Dimanche,Digital Reveil 8h,52-08-13-59-19,07-73-20-77-31
03/08/2025,Dimanche,Digital 21h,41-55-14-23-83,81-82-74-75-08
03/08/2025,Dimanche,Digital 22h,04-42-34-40-23,71-41-29-17-79
03/08/2025,Dimanche,Digital 23h,87-08-30-64-60,02-38-84-44-52
03/08/2025,Dimanche,Benediction,36-16-48-62-90,15-41-44-47-27
03/08/2025,Dimanche,Prestige,30-62-52-08-66,56-44-70-15-86
03/08/2025,Dimanche,Awale,77-58-64-03-69,33-86-70-40-75
03/08/2025,Dimanche,Espoir,37-33-50-23-49,36-11-47-56-71
02/08/2025,Samedi,Special Weekend 1h,06-21-79-66-13,14-45-75-80-26
02/08/2025,Samedi,Special Weekend 3h,31-34-88-69-43,89-35-11-87-67
02/08/2025,Samedi,Digital Reveil 7h,09-60-66-30-79,80-64-01-56-77
02/08/2025,Samedi,Digital Reveil 8h,75-57-87-06-36,28-31-34-46-63
02/08/2025,Samedi,Digital 21h,36-35-79-87-24,81-71-25-27-26
02/08/2025,Samedi,Digital 22h,44-71-81-04-02,53-48-34-49-54
02/08/2025,Samedi,Digital 23h,81-57-86-71-44,36-30-59-80-84
02/08/2025,Samedi,Soutra,76-89-52-57-65,07-68-35-53-77
02/08/2025,Samedi,Diamant,63-83-67-41-36,32-69-73-77-71
02/08/2025,Samedi,Moaye,35-21-84-20-66,56-65-38-59-53
02/08/2025,Samedi,National,16-32-60-73-23,
01/08/2025,Vendredi,Digital Reveil 7h,51-80-04-08-48,44-10-54-72-74
01/08/2025,Vendredi,Digital Reveil 8h,59-32-47-67-85,78-66-17-42-74
01/08/2025,Vendredi,Digital 21h,11-83-71-46-43,42-25-66-65-31
01/08/2025,Vendredi,Digital 22h,90-16-23-66-39,43-05-63-01-76
01/08/2025,Vendredi,Digital 23h,76-48-26-53-67,37-18-63-89-44
01/08/2025,Vendredi,Cash,33-07-27-71-74,25-77-01-85-65
01/08/2025,Vendredi,Solution,41-23-18-78-79,05-51-80-21-90
01/08/2025,Vendredi,Wari,44-09-50-37-06,76-61-78-48-46
01/08/2025,Vendredi,Friday Bonanza,56-26-71-33-35,
